{
  "engine": "global_orbital_coherence_pass_v64_runtime_bridge",
  "steps": 2,
  "params": {
    "dt": 0.013701,
    "tau_eta": 0.0085,
    "tau_reg": 0.0024,
    "sigma": 0.20992708860770198,
    "beta": 0.8858849039288708,
    "gamma": 0.3383621712598693,
    "I0": 0.008114359738066937,
    "mesh_boost": 0.775888,
    "tension_weight": 0.24841695319131418,
    "closure_weight": 0.08945494489662148,
    "use_zeta_pole": true,
    "zeta_coupling_scale": 0.323232,
    "zeta_tetra_weight": 0.5,
    "zeta_amplitude": 0.35,
    "zeta_relax": 0.08,
    "zeta_global_rotation": 0.0,
    "zeta_heisenberg_alpha": 8.0,
    "zeta_i0_scale": 1.0,
    "use_relational_lagrangian": true,
    "kappa_H": 1.0,
    "lambda_tension": 0.15,
    "lambda_distortion": 1.0,
    "lambda_zeta_tetra": 1.0,
    "alpha_spin": 4.0,
    "mu_phi": 0.094365,
    "mu_rho": 0.14,
    "epsilon_hom": 0.22,
    "spin_vorticity_gain": 0.2,
    "relax_amp": 0.28,
    "grad_eps": 0.001,
    "use_euler_leak_rotation": true,
    "D_f": 2.57,
    "euler_angular_gain": 1.0,
    "zeta_phase0": 0.0
  },
  "initial": {
    "R_H": 0.0022992519926136024,
    "T_glob": 2.5402843261669306,
    "Lambda_glob": 0.0,
    "closure_penalty": 5.999109257520956,
    "V_rel_total": 6.382451158438609,
    "radial_spread": 0.18130906565294394,
    "mean_spin": 0.0,
    "spectral_radius_A": 1.3818088212319,
    "spectral_gap_A": 0.6150120333038049,
    "fiedler_L": 0.23810985436629942,
    "zeta_enabled": true,
    "zeta_tetra_defect": 3.389636702121535e-32,
    "zeta_effective_tau": 0.3645,
    "zeta_effective_phase": 2.220446049250313e-16,
    "zeta_coupling_norm": 0.006757488737458897,
    "zeta_coupling_norm_raw": 0.8493332395365911,
    "zeta_spin": 0.0,
    "zeta_rho": 0.45,
    "D_f": 2.57,
    "euler_leak_angle": 0.8953539062730907
  },
  "final": {
    "R_H": 0.023073761169839672,
    "T_glob": 2.4064355635090466,
    "Lambda_glob": 0.21779979105682595,
    "closure_penalty": 5.911690160438982,
    "V_rel_total": 6.2957292561351785,
    "radial_spread": 0.1828668758445319,
    "mean_spin": -0.05784907795485659,
    "spectral_radius_A": 1.2394118969408165,
    "spectral_gap_A": 0.4695913255204963,
    "fiedler_L": 0.277655175620331,
    "zeta_enabled": true,
    "zeta_tetra_defect": 2.465190328815662e-32,
    "zeta_effective_tau": 0.3645,
    "zeta_effective_phase": -0.00015958317174036093,
    "zeta_coupling_norm": 0.006259800891342099,
    "zeta_coupling_norm_raw": 0.785677340490478,
    "zeta_spin": -0.05784907795485659,
    "zeta_rho": 0.4499001945600299,
    "D_f": 2.57,
    "euler_leak_angle": 0.8953539062730907
  },
  "history": [
    {
      "R_H": 0.0022992519926136024,
      "T_glob": 2.5402843261669306,
      "Lambda_glob": 0.0,
      "closure_penalty": 5.999109257520956,
      "V_rel_total": 6.382451158438609,
      "radial_spread": 0.18130906565294394,
      "mean_spin": 0.0,
      "spectral_radius_A": 1.3818088212319,
      "spectral_gap_A": 0.6150120333038049,
      "fiedler_L": 0.23810985436629942,
      "zeta_enabled": true,
      "zeta_tetra_defect": 3.389636702121535e-32,
      "zeta_effective_tau": 0.3645,
      "zeta_effective_phase": 2.220446049250313e-16,
      "zeta_coupling_norm": 0.006757488737458897,
      "zeta_coupling_norm_raw": 0.8493332395365911,
      "zeta_spin": 0.0,
      "zeta_rho": 0.45,
      "D_f": 2.57,
      "euler_leak_angle": 0.8953539062730907
    },
    {
      "R_H": 0.02477681372598148,
      "T_glob": 2.4790020814899774,
      "Lambda_glob": -0.4330403031013104,
      "closure_penalty": 5.913008026003224,
      "V_rel_total": 6.309635151952702,
      "radial_spread": 0.18216081908683154,
      "mean_spin": -0.08784165990391274,
      "spectral_radius_A": 1.3272611258852332,
      "spectral_gap_A": 0.5537704623262267,
      "fiedler_L": 0.24913078160364516,
      "zeta_enabled": true,
      "zeta_tetra_defect": 4.622231866529366e-32,
      "zeta_effective_tau": 0.3645,
      "zeta_effective_phase": -9.628148658723335e-05,
      "zeta_coupling_norm": 0.0061523552482377255,
      "zeta_coupling_norm_raw": 0.7725836188535612,
      "zeta_spin": -0.08784165990391274,
      "zeta_rho": 0.44993982407088284,
      "D_f": 2.57,
      "euler_leak_angle": 0.8953539062730907
    },
    {
      "R_H": 0.023073761169839672,
      "T_glob": 2.4064355635090466,
      "Lambda_glob": 0.21779979105682595,
      "closure_penalty": 5.911690160438982,
      "V_rel_total": 6.2957292561351785,
      "radial_spread": 0.1828668758445319,
      "mean_spin": -0.05784907795485659,
      "spectral_radius_A": 1.2394118969408165,
      "spectral_gap_A": 0.4695913255204963,
      "fiedler_L": 0.277655175620331,
      "zeta_enabled": true,
      "zeta_tetra_defect": 2.465190328815662e-32,
      "zeta_effective_tau": 0.3645,
      "zeta_effective_phase": -0.00015958317174036093,
      "zeta_coupling_norm": 0.006259800891342099,
      "zeta_coupling_norm_raw": 0.785677340490478,
      "zeta_spin": -0.05784907795485659,
      "zeta_rho": 0.4499001945600299,
      "D_f": 2.57,
      "euler_leak_angle": 0.8953539062730907
    }
  ],
  "diagnostics": {
    "closure_residuals": {
      "constraints": 0.6314292909120367,
      "fields": 1.0382966361565622,
      "runtime": 1.2902413434824178,
      "memory": 1.3309566665422667,
      "bridge": 0.6375507663490242,
      "vocabulary": 0.7696024649430557
    },
    "local_vorticity": {
      "constraints": 0.0030360112460897726,
      "fields": -0.07530774798601085,
      "runtime": 0.3682704963307889,
      "memory": 0.07723667261937926,
      "bridge": 0.1737777689657541,
      "vocabulary": 0.11609883701776054
    },
    "effective_mass": {
      "constraints": 1.2704027009876,
      "fields": 1.3429876733871975,
      "runtime": 0.8040171684220402,
      "memory": 2.2722110703088227,
      "bridge": 0.736276068556699,
      "vocabulary": 1.6218258527554266
    },
    "dominant_residual_sector": "memory",
    "dominant_vorticity_sector": "runtime",
    "dominant_mass_sector": "memory",
    "residual_rank": [
      [
        "memory",
        1.3309566665422667
      ],
      [
        "runtime",
        1.2902413434824178
      ],
      [
        "fields",
        1.0382966361565622
      ],
      [
        "vocabulary",
        0.7696024649430557
      ],
      [
        "bridge",
        0.6375507663490242
      ],
      [
        "constraints",
        0.6314292909120367
      ]
    ],
    "vorticity_rank": [
      [
        "runtime",
        0.3682704963307889
      ],
      [
        "bridge",
        0.1737777689657541
      ],
      [
        "vocabulary",
        0.11609883701776054
      ],
      [
        "memory",
        0.07723667261937926
      ],
      [
        "fields",
        -0.07530774798601085
      ],
      [
        "constraints",
        0.0030360112460897726
      ]
    ],
    "mass_rank": [
      [
        "memory",
        2.2722110703088227
      ],
      [
        "vocabulary",
        1.6218258527554266
      ],
      [
        "fields",
        1.3429876733871975
      ],
      [
        "constraints",
        1.2704027009876
      ],
      [
        "runtime",
        0.8040171684220402
      ],
      [
        "bridge",
        0.736276068556699
      ]
    ]
  },
  "pass_label": "orbital_orbital_mode=deep_R_H=0.0000_closure=0.0000_chirality=0.0000",
  "repo_root": "/home/runner/work/CIEL-_SOT_Agent/CIEL-_SOT_Agent/integration/Orbital/main"
}