{
  "repo_root": "/home/adrian/Pulpit/CIEL_TESTY/CIEL1/integration/Orbital/main",
  "geometry_source": "manifests",
  "sectors": {
    "sectors": {
      "constraints": {
        "orbital_level": 2,
        "orbital_type": "S",
        "dominant_spin": "resolve",
        "theta": 0.55,
        "phi": -0.03022061452320021,
        "rhythm_ratio": 1.0,
        "amplitude": 0.9464,
        "coherence_weight": 1.025,
        "info_mass": 0.7038,
        "q_target": 1,
        "damping": 0.1,
        "preference": 0.1743,
        "defect": 0.02,
        "tau": 0.22498247513028186,
        "rho": 0.208910053591215,
        "berry_phase": -0.002329879089947455
      },
      "fields": {
        "orbital_level": 2,
        "orbital_type": "S",
        "dominant_spin": "stabilize",
        "theta": 0.75,
        "phi": 1.017462845665536,
        "rhythm_ratio": 1.0,
        "amplitude": 0.9821,
        "coherence_weight": 1.075,
        "info_mass": 0.753,
        "q_target": 1,
        "damping": 0.1,
        "preference": 0.1914,
        "defect": 0.02,
        "tau": 0.3699449183872295,
        "rho": 0.32284764797958654,
        "berry_phase": 0.005432281351266152
      },
      "runtime": {
        "orbital_level": 2,
        "orbital_type": "F",
        "dominant_spin": "run",
        "theta": 1.55,
        "phi": 2.0665531030712763,
        "rhythm_ratio": 2.0,
        "amplitude": 0.8929,
        "coherence_weight": 0.95,
        "info_mass": 0.8193,
        "q_target": 4,
        "damping": 0.14,
        "preference": 0.1486,
        "defect": 0.02,
        "tau": 0.5457039824714958,
        "rho": 0.7494102107808904,
        "berry_phase": 0.013806673772303593
      },
      "memory": {
        "orbital_level": 2,
        "orbital_type": "F",
        "dominant_spin": "stabilize",
        "theta": 1.05,
        "phi": 3.114388116876504,
        "rhythm_ratio": 1.0,
        "amplitude": 1.0,
        "coherence_weight": 1.1,
        "info_mass": 1.4,
        "q_target": 2,
        "damping": 0.1,
        "preference": 0.2,
        "defect": 0.02,
        "tau": 0.3222132683226432,
        "rho": 0.5245450457784351,
        "berry_phase": -0.008378084482613466
      },
      "bridge": {
        "orbital_level": 2,
        "orbital_type": "P",
        "dominant_spin": "route",
        "theta": 1.45,
        "phi": 4.311796974091543,
        "rhythm_ratio": 2.0,
        "amplitude": 0.9821,
        "coherence_weight": 1.075,
        "info_mass": 0.7006,
        "q_target": 4,
        "damping": 0.14,
        "preference": 0.1914,
        "defect": 0.03,
        "tau": 0.2665038922303647,
        "rho": 0.6767713416098301,
        "berry_phase": 0.08327323623910998
      },
      "vocabulary": {
        "orbital_level": 2,
        "orbital_type": "S",
        "dominant_spin": "link",
        "theta": 0.7,
        "phi": 5.297769947829055,
        "rhythm_ratio": 1.0,
        "amplitude": 0.9107,
        "coherence_weight": 0.975,
        "info_mass": 1.0301,
        "q_target": 1,
        "damping": 0.1,
        "preference": 0.1571,
        "defect": 0.02,
        "tau": 0.2635010490749707,
        "rho": 0.3373670971621797,
        "berry_phase": 0.006580435019013225
      }
    }
  },
  "couplings": {
    "couplings": {
      "constraints": {
        "fields": 1.0,
        "runtime": 0.01,
        "memory": 0.01,
        "bridge": 0.82,
        "vocabulary": 1.0
      },
      "fields": {
        "runtime": 0.01,
        "memory": 0.01,
        "bridge": 0.79,
        "vocabulary": 0.01
      },
      "runtime": {
        "memory": 0.8,
        "bridge": 0.9,
        "vocabulary": 0.01
      },
      "memory": {
        "bridge": 0.71,
        "vocabulary": 0.01,
        "runtime": 0.01
      },
      "bridge": {
        "vocabulary": 1.0,
        "fields": 0.01,
        "memory": 0.01,
        "constraints": 0.7083731446780042,
        "runtime": 1.0
      }
    },
    "_wij_override_applied": true
  }
}