{
  "engine": "global_orbital_coherence_pass_minimal",
  "steps": 20,
  "params": {
    "dt": 0.0205,
    "tau_eta": 0.0085,
    "tau_reg": 0.0024,
    "sigma": 0.20992708860770198,
    "beta": 0.8858849039288708,
    "gamma": 0.3383621712598693,
    "I0": 0.008114359738066937,
    "mesh_boost": 0.9902072303068182,
    "tension_weight": 0.24841695319131418,
    "closure_weight": 0.08945494489662148,
    "use_zeta_pole": true,
    "zeta_coupling_scale": 0.35,
    "zeta_tetra_weight": 0.5,
    "zeta_amplitude": 0.35,
    "zeta_relax": 0.08,
    "zeta_global_rotation": 0.0,
    "zeta_heisenberg_alpha": 8.0,
    "zeta_i0_scale": 1.0,
    "use_relational_lagrangian": true,
    "kappa_H": 1.0,
    "lambda_tension": 0.15,
    "lambda_distortion": 1.0,
    "lambda_zeta_tetra": 1.0,
    "alpha_spin": 4.0,
    "mu_phi": 0.18,
    "mu_rho": 0.14,
    "epsilon_hom": 0.22,
    "spin_vorticity_gain": 0.2,
    "relax_amp": 0.28,
    "grad_eps": 0.001,
    "use_euler_leak_rotation": true,
    "D_f": 2.57,
    "euler_angular_gain": 1.0,
    "zeta_phase0": 0.0
  },
  "initial": {
    "R_H": 0.004164489643262483,
    "T_glob": 0.6902498536033661,
    "Lambda_glob": 0.0,
    "closure_penalty": 1.6860853639601037,
    "V_rel_total": 0.32229843889694987,
    "radial_spread": 0.032872977287943535,
    "mean_spin": 0.0,
    "spectral_radius_A": 1.7634981926329145,
    "spectral_gap_A": 0.7848933893849678,
    "fiedler_L": 0.3038816161621438,
    "zeta_enabled": true,
    "zeta_tetra_defect": 0.06225,
    "zeta_effective_tau": 0.3645,
    "zeta_effective_phase": 2.220446049250313e-16,
    "zeta_coupling_norm": 0.008080870663498588,
    "zeta_coupling_norm_raw": 1.0175347630669858,
    "zeta_spin": 0.0,
    "zeta_rho": 0.45,
    "D_f": 2.57,
    "euler_leak_angle": 0.8953539062730907
  },
  "final": {
    "R_H": 0.06901066667696684,
    "T_glob": 0.6905238062549859,
    "Lambda_glob": 0.048498965690035194,
    "closure_penalty": 1.6215131395780191,
    "V_rel_total": 0.31659018860603233,
    "radial_spread": 0.037253232737504395,
    "mean_spin": 0.048498965690035194,
    "spectral_radius_A": 2.030364349344266,
    "spectral_gap_A": 1.0736136400724388,
    "fiedler_L": 0.00042326407671338545,
    "zeta_enabled": true,
    "zeta_tetra_defect": 0.06225,
    "zeta_effective_tau": 0.3645,
    "zeta_effective_phase": 2.220446049250313e-16,
    "zeta_coupling_norm": 0.0028359970990598665,
    "zeta_coupling_norm_raw": 0.35627944413268503,
    "zeta_spin": 0.04846097582401233,
    "zeta_rho": 0.45117804879120066,
    "D_f": 2.57,
    "euler_leak_angle": 0.8953539062730907
  },
  "history": [
    {
      "R_H": 0.004164489643262483,
      "T_glob": 0.6902498536033661,
      "Lambda_glob": 0.0,
      "closure_penalty": 1.6860853639601037,
      "V_rel_total": 0.32229843889694987,
      "radial_spread": 0.032872977287943535,
      "mean_spin": 0.0,
      "spectral_radius_A": 1.7634981926329145,
      "spectral_gap_A": 0.7848933893849678,
      "fiedler_L": 0.3038816161621438,
      "zeta_enabled": true,
      "zeta_tetra_defect": 0.06225,
      "zeta_effective_tau": 0.3645,
      "zeta_effective_phase": 2.220446049250313e-16,
      "zeta_coupling_norm": 0.008080870663498588,
      "zeta_coupling_norm_raw": 1.0175347630669858,
      "zeta_spin": 0.0,
      "zeta_rho": 0.45,
      "D_f": 2.57,
      "euler_leak_angle": 0.8953539062730907
    },
    {
      "R_H": 0.007279170853398532,
      "T_glob": 0.6903037608533947,
      "Lambda_glob": 0.30396088047914327,
      "closure_penalty": 1.683024589999996,
      "V_rel_total": 0.32203802900581446,
      "radial_spread": 0.033157763326962374,
      "mean_spin": 0.30396088047914327,
      "spectral_radius_A": 1.634835764810537,
      "spectral_gap_A": 0.6821420431793503,
      "fiedler_L": 0.2429343379285298,
      "zeta_enabled": true,
      "zeta_tetra_defect": 0.06225,
      "zeta_effective_tau": 0.3645,
      "zeta_effective_phase": 2.220446049250313e-16,
      "zeta_coupling_norm": 0.007582778592526349,
      "zeta_coupling_norm_raw": 0.9541702786350806,
      "zeta_spin": 0.294933164056144,
      "zeta_rho": 0.4635016582028072,
      "D_f": 2.57,
      "euler_leak_angle": 0.8953539062730907
    },
    {
      "R_H": 0.010532796328002594,
      "T_glob": 0.690312970198659,
      "Lambda_glob": 0.2491090859811066,
      "closure_penalty": 1.6797801738706564,
      "V_rel_total": 0.3217500876972341,
      "radial_spread": 0.03344913962279199,
      "mean_spin": 0.2491090859811066,
      "spectral_radius_A": 1.4455476204522555,
      "spectral_gap_A": 0.5666765556925769,
      "fiedler_L": 0.22050360371437844,
      "zeta_enabled": true,
      "zeta_tetra_defect": 0.06225,
      "zeta_effective_tau": 0.3645,
      "zeta_effective_phase": 2.220446049250313e-16,
      "zeta_coupling_norm": 0.007299667184320471,
      "zeta_coupling_norm_raw": 0.9174961229470738,
      "zeta_spin": 0.24408100744101882,
      "zeta_rho": 0.460959050372051,
      "D_f": 2.57,
      "euler_leak_angle": 0.8953539062730907
    },
    {
      "R_H": 0.013688388656993736,
      "T_glob": 0.6902516443822392,
      "Lambda_glob": 0.18025317065103405,
      "closure_penalty": 1.6765632557252454,
      "V_rel_total": 0.32144708408933254,
      "radial_spread": 0.03374160147471566,
      "mean_spin": 0.18025317065103405,
      "spectral_radius_A": 1.2796128922741383,
      "spectral_gap_A": 0.4121491341815021,
      "fiedler_L": 0.2395695354253525,
      "zeta_enabled": true,
      "zeta_tetra_defect": 0.06225,
      "zeta_effective_tau": 0.3645,
      "zeta_effective_phase": 2.220446049250313e-16,
      "zeta_coupling_norm": 0.007159352175807938,
      "zeta_coupling_norm_raw": 0.9004598014630394,
      "zeta_spin": 0.1783259989623343,
      "zeta_rho": 0.4576712999481167,
      "D_f": 2.57,
      "euler_leak_angle": 0.8953539062730907
    },
    {
      "R_H": 0.01664783325391389,
      "T_glob": 0.6901083963573497,
      "Lambda_glob": 0.11416770765566893,
      "closure_penalty": 1.6734605631034358,
      "V_rel_total": 0.32113394765392367,
      "radial_spread": 0.03403008686104723,
      "mean_spin": 0.11416770765566893,
      "spectral_radius_A": 1.152927224192382,
      "spectral_gap_A": 0.17034021334307659,
      "fiedler_L": 0.26142765668982315,
      "zeta_enabled": true,
      "zeta_tetra_defect": 0.06225,
      "zeta_effective_tau": 0.3645,
      "zeta_effective_phase": 2.220446049250313e-16,
      "zeta_coupling_norm": 0.007032681410115437,
      "zeta_coupling_norm_raw": 0.8855562758318787,
      "zeta_spin": 0.11367424950527569,
      "zeta_rho": 0.4544387124752638,
      "D_f": 2.57,
      "euler_leak_angle": 0.8953539062730907
    },
    {
      "R_H": 0.019415958779684217,
      "T_glob": 0.6898921267366691,
      "Lambda_glob": 0.08059730879241739,
      "closure_penalty": 1.6704761679569848,
      "V_rel_total": 0.3208132537103108,
      "radial_spread": 0.03430887630076667,
      "mean_spin": 0.08059730879241739,
      "spectral_radius_A": 1.2620605035178951,
      "spectral_gap_A": 0.14644666052280275,
      "fiedler_L": 0.19446408382560615,
      "zeta_enabled": true,
      "zeta_tetra_defect": 0.06225,
      "zeta_effective_tau": 0.3645,
      "zeta_effective_phase": 2.220446049250313e-16,
      "zeta_coupling_norm": 0.006758802813034605,
      "zeta_coupling_norm_raw": 0.8500454265099384,
      "zeta_spin": 0.08042324300962422,
      "zeta_rho": 0.4527761621504812,
      "D_f": 2.57,
      "euler_leak_angle": 0.8953539062730907
    },
    {
      "R_H": 0.0220674824093252,
      "T_glob": 0.6896517740812473,
      "Lambda_glob": 0.09315381638134006,
      "closure_penalty": 1.6675842916719221,
      "V_rel_total": 0.3204948534022314,
      "radial_spread": 0.03457080688294804,
      "mean_spin": 0.09315381638134006,
      "spectral_radius_A": 1.4403162670889085,
      "spectral_gap_A": 0.3453885747510268,
      "fiedler_L": 0.12325557996301466,
      "zeta_enabled": true,
      "zeta_tetra_defect": 0.06225,
      "zeta_effective_tau": 0.3645,