{
  "system_health": 0.5956283664616303,
  "risk_level": "low",
  "closure_penalty": 5.426625056924105,
  "R_H": 0.004798788917124673,
  "T_glob": 2.1109684303419707,
  "Lambda_glob": 0.14538611511321484,
  "effective_rh": 0.09474937591120768,
  "rh_drivers": {
    "raw_rh": 0.004798788917124673,
    "eba_defect": 0.04786185672810459,
    "coherent_fraction": 1.0,
    "closure_score": 0.5423376184759512,
    "phase_gap": 0.04549579910639072
  },
  "recommended_action": "deep diagnostics allowed"
}