{
  "system_health": 0.801091322740472,
  "risk_level": "low",
  "closure_penalty": 1.6215131395780191,
  "R_H": 0.06901066667696684,
  "T_glob": 0.6905238062549859,
  "Lambda_glob": 0.048498965690035194,
  "recommended_action": "deep diagnostics allowed"
}