{
  "engine": "global_orbital_coherence_pass_v64_runtime_bridge",
  "steps": 2,
  "params": {
    "dt": 0.012531,
    "tau_eta": 0.0085,
    "tau_reg": 0.0024,
    "sigma": 0.20992708860770198,
    "beta": 0.8858849039288708,
    "gamma": 0.3383621712598693,
    "I0": 0.008114359738066937,
    "mesh_boost": 0.757164,
    "tension_weight": 0.24841695319131418,
    "closure_weight": 0.08945494489662148,
    "use_zeta_pole": true,
    "zeta_coupling_scale": 0.334154,
    "zeta_tetra_weight": 0.5,
    "zeta_amplitude": 0.35,
    "zeta_relax": 0.08,
    "zeta_global_rotation": 0.0,
    "zeta_heisenberg_alpha": 8.0,
    "zeta_i0_scale": 1.0,
    "use_relational_lagrangian": true,
    "kappa_H": 1.0,
    "lambda_tension": 0.15,
    "lambda_distortion": 1.0,
    "lambda_zeta_tetra": 1.0,
    "alpha_spin": 4.0,
    "mu_phi": 0.085783,
    "mu_rho": 0.14,
    "epsilon_hom": 0.22,
    "spin_vorticity_gain": 0.2,
    "relax_amp": 0.28,
    "grad_eps": 0.001,
    "use_euler_leak_rotation": true,
    "D_f": 2.57,
    "euler_angular_gain": 1.0,
    "zeta_phase0": 0.0
  },
  "initial": {
    "R_H": 0.0022992519926136024,
    "T_glob": 2.479486214978948,
    "Lambda_glob": 0.0,
    "closure_penalty": 5.977316736290345,
    "V_rel_total": 6.351538920529801,
    "radial_spread": 0.18130906565294394,
    "mean_spin": 0.0,
    "spectral_radius_A": 1.3484625285082739,
    "spectral_gap_A": 0.6001703482776377,
    "fiedler_L": 0.2323637042606727,
    "zeta_enabled": true,
    "zeta_tetra_defect": 3.389636702121535e-32,
    "zeta_effective_tau": 0.3645,
    "zeta_effective_phase": 2.220446049250313e-16,
    "zeta_coupling_norm": 0.0069766771585508276,
    "zeta_coupling_norm_raw": 0.8780321853161508,
    "zeta_spin": 0.0,
    "zeta_rho": 0.45,
    "D_f": 2.57,
    "euler_leak_angle": 0.8953539062730907
  },
  "final": {
    "R_H": 0.01333415625479421,
    "T_glob": 2.3567458714053937,
    "Lambda_glob": 0.19234638498689477,
    "closure_penalty": 5.883481077211906,
    "V_rel_total": 6.250327114177509,
    "radial_spread": 0.18269713455555395,
    "mean_spin": -0.05438557284645077,
    "spectral_radius_A": 1.215567629425885,
    "spectral_gap_A": 0.4644427150889481,
    "fiedler_L": 0.2715173965098455,
    "zeta_enabled": true,
    "zeta_tetra_defect": 2.0029671421627253e-32,
    "zeta_effective_tau": 0.3645,
    "zeta_effective_phase": -0.0001412700023454745,
    "zeta_coupling_norm": 0.006466077795208715,
    "zeta_coupling_norm_raw": 0.8125709645097146,
    "zeta_spin": -0.05438557284645077,
    "zeta_rho": 0.44991165184105897,
    "D_f": 2.57,
    "euler_leak_angle": 0.8953539062730907
  },
  "history": [
    {
      "R_H": 0.0022992519926136024,
      "T_glob": 2.479486214978948,
      "Lambda_glob": 0.0,
      "closure_penalty": 5.977316736290345,
      "V_rel_total": 6.351538920529801,
      "radial_spread": 0.18130906565294394,
      "mean_spin": 0.0,
      "spectral_radius_A": 1.3484625285082739,
      "spectral_gap_A": 0.6001703482776377,
      "fiedler_L": 0.2323637042606727,
      "zeta_enabled": true,
      "zeta_tetra_defect": 3.389636702121535e-32,
      "zeta_effective_tau": 0.3645,
      "zeta_effective_phase": 2.220446049250313e-16,
      "zeta_coupling_norm": 0.0069766771585508276,
      "zeta_coupling_norm_raw": 0.8780321853161508,
      "zeta_spin": 0.0,
      "zeta_rho": 0.45,
      "D_f": 2.57,
      "euler_leak_angle": 0.8953539062730907
    },
    {
      "R_H": 0.014320863928621856,
      "T_glob": 2.42390884254826,
      "Lambda_glob": -0.42940463313074123,
      "closure_penalty": 5.882824905328923,
      "V_rel_total": 6.260732095639784,
      "radial_spread": 0.1820677472989024,
      "mean_spin": -0.08662178321617135,
      "spectral_radius_A": 1.2975537566769086,
      "spectral_gap_A": 0.5427062649983487,
      "fiedler_L": 0.24363342270408678,
      "zeta_enabled": true,
      "zeta_tetra_defect": 1.3866695599588098e-32,
      "zeta_effective_tau": 0.3645,
      "zeta_effective_phase": -8.683660523844785e-05,
      "zeta_coupling_norm": 0.006352130492556429,
      "zeta_coupling_norm_raw": 0.798668964422838,
      "zeta_spin": -0.08662178321617135,
      "zeta_rho": 0.4499457271217259,
      "D_f": 2.57,
      "euler_leak_angle": 0.8953539062730907
    },
    {
      "R_H": 0.01333415625479421,
      "T_glob": 2.3567458714053937,
      "Lambda_glob": 0.19234638498689477,
      "closure_penalty": 5.883481077211906,
      "V_rel_total": 6.250327114177509,
      "radial_spread": 0.18269713455555395,
      "mean_spin": -0.05438557284645077,
      "spectral_radius_A": 1.215567629425885,
      "spectral_gap_A": 0.4644427150889481,
      "fiedler_L": 0.2715173965098455,
      "zeta_enabled": true,
      "zeta_tetra_defect": 2.0029671421627253e-32,
      "zeta_effective_tau": 0.3645,
      "zeta_effective_phase": -0.0001412700023454745,
      "zeta_coupling_norm": 0.006466077795208715,
      "zeta_coupling_norm_raw": 0.8125709645097146,
      "zeta_spin": -0.05438557284645077,
      "zeta_rho": 0.44991165184105897,
      "D_f": 2.57,
      "euler_leak_angle": 0.8953539062730907
    }
  ],
  "diagnostics": {
    "closure_residuals": {
      "constraints": 0.6339713620877568,
      "fields": 1.0372998084551295,
      "runtime": 1.2849151072237213,
      "memory": 1.3194847557280662,
      "bridge": 0.6455666138353002,
      "vocabulary": 0.7725072105645191
    },
    "local_vorticity": {
      "constraints": 0.002991124110719664,
      "fields": -0.07471468142228739,
      "runtime": 0.3620231112900505,
      "memory": 0.07533856162031538,
      "bridge": 0.1703105962814255,
      "vocabulary": 0.11286931818014731
    },
    "effective_mass": {
      "constraints": 1.2688135100543554,
      "fields": 1.3400406674869918,
      "runtime": 0.801387756723852,
      "memory": 2.263098661328475,
      "bridge": 0.7320108158387715,
      "vocabulary": 1.617510951811398
    },
    "dominant_residual_sector": "memory",
    "dominant_vorticity_sector": "runtime",
    "dominant_mass_sector": "memory",
    "residual_rank": [
      [
        "memory",
        1.3194847557280662
      ],
      [
        "runtime",
        1.2849151072237213
      ],
      [
        "fields",
        1.0372998084551295
      ],
      [
        "vocabulary",
        0.7725072105645191
      ],
      [
        "bridge",
        0.6455666138353002
      ],
      [
        "constraints",
        0.6339713620877568
      ]
    ],
    "vorticity_rank": [
      [
        "runtime",
        0.3620231112900505
      ],
      [
        "bridge",
        0.1703105962814255
      ],
      [
        "vocabulary",
        0.11286931818014731
      ],
      [
        "memory",
        0.07533856162031538
      ],
      [
        "fields",
        -0.07471468142228739
      ],
      [
        "constraints",
        0.002991124110719664
      ]
    ],
    "mass_rank": [
      [
        "memory",
        2.263098661328475
      ],
      [
        "vocabulary",
        1.617510951811398
      ],
      [
        "fields",
        1.3400406674869918
      ],
      [
        "constraints",
        1.2688135100543554
      ],
      [
        "runtime",
        0.801387756723852
      ],
      [
        "bridge",
        0.7320108158387715
      ]
    ]
  },
  "pass_label": "orbital_bridge_orbital_mode=safe_R_H=0.0790_closure=6.2038_chirality=0.0917",
  "repo_root": "/home/runner/work/CIEL-_SOT_Agent/CIEL-_SOT_Agent/integration/Orbital/main"
}