{
  "engine": "global_orbital_coherence_pass_v64_runtime_bridge",
  "steps": 2,
  "params": {
    "dt": 0.013496,
    "tau_eta": 0.0085,
    "tau_reg": 0.0024,
    "sigma": 0.20992708860770198,
    "beta": 0.8858849039288708,
    "gamma": 0.3383621712598693,
    "I0": 0.008114359738066937,
    "mesh_boost": 0.77473,
    "tension_weight": 0.24841695319131418,
    "closure_weight": 0.08945494489662148,
    "use_zeta_pole": true,
    "zeta_coupling_scale": 0.325463,
    "zeta_tetra_weight": 0.5,
    "zeta_amplitude": 0.35,
    "zeta_relax": 0.08,
    "zeta_global_rotation": 0.0,
    "zeta_heisenberg_alpha": 8.0,
    "zeta_i0_scale": 1.0,
    "use_relational_lagrangian": true,
    "kappa_H": 1.0,
    "lambda_tension": 0.15,
    "lambda_distortion": 1.0,
    "lambda_zeta_tetra": 1.0,
    "alpha_spin": 4.0,
    "mu_phi": 0.093946,
    "mu_rho": 0.14,
    "epsilon_hom": 0.22,
    "spin_vorticity_gain": 0.2,
    "relax_amp": 0.28,
    "grad_eps": 0.001,
    "use_euler_leak_rotation": true,
    "D_f": 2.57,
    "euler_angular_gain": 1.0,
    "zeta_phase0": 0.0
  },
  "initial": {
    "R_H": 0.0022992519926136024,
    "T_glob": 2.536565557819945,
    "Lambda_glob": 0.0,
    "closure_penalty": 5.9977402373879345,
    "V_rel_total": 6.38052432305354,
    "radial_spread": 0.18130906565294394,
    "mean_spin": 0.0,
    "spectral_radius_A": 1.3797464944334612,
    "spectral_gap_A": 0.6140941380217981,
    "fiedler_L": 0.2377544793490858,
    "zeta_enabled": true,
    "zeta_tetra_defect": 3.389636702121535e-32,
    "zeta_effective_tau": 0.3645,
    "zeta_effective_phase": 2.220446049250313e-16,
    "zeta_coupling_norm": 0.006802330472402652,
    "zeta_coupling_norm_raw": 0.855195476126428,
    "zeta_spin": 0.0,
    "zeta_rho": 0.45,
    "D_f": 2.57,
    "euler_leak_angle": 0.8953539062730907
  },
  "final": {
    "R_H": 0.021870947413567366,
    "T_glob": 2.403417744057665,
    "Lambda_glob": 0.21450023943600527,
    "closure_penalty": 5.909335968543739,
    "V_rel_total": 6.2917195775659565,
    "radial_spread": 0.18284116639917447,
    "mean_spin": -0.05789299924375491,
    "spectral_radius_A": 1.2379698431760315,
    "spectral_gap_A": 0.4693500284457073,
    "fiedler_L": 0.27729171248465406,
    "zeta_enabled": true,
    "zeta_tetra_defect": 1.3866695599588098e-32,
    "zeta_effective_tau": 0.3645,
    "zeta_effective_phase": -0.00015732230837210267,
    "zeta_coupling_norm": 0.006301496547169475,
    "zeta_coupling_norm_raw": 0.7911060550616673,
    "zeta_spin": -0.05789299924375491,
    "zeta_rho": 0.4499016095060093,
    "D_f": 2.57,
    "euler_leak_angle": 0.8953539062730907
  },
  "history": [
    {
      "R_H": 0.0022992519926136024,
      "T_glob": 2.536565557819945,
      "Lambda_glob": 0.0,
      "closure_penalty": 5.9977402373879345,
      "V_rel_total": 6.38052432305354,
      "radial_spread": 0.18130906565294394,
      "mean_spin": 0.0,
      "spectral_radius_A": 1.3797464944334612,
      "spectral_gap_A": 0.6140941380217981,
      "fiedler_L": 0.2377544793490858,
      "zeta_enabled": true,
      "zeta_tetra_defect": 3.389636702121535e-32,
      "zeta_effective_tau": 0.3645,
      "zeta_effective_phase": 2.220446049250313e-16,
      "zeta_coupling_norm": 0.006802330472402652,
      "zeta_coupling_norm_raw": 0.855195476126428,
      "zeta_spin": 0.0,
      "zeta_rho": 0.45,
      "D_f": 2.57,
      "euler_leak_angle": 0.8953539062730907
    },
    {
      "R_H": 0.02347995106842868,
      "T_glob": 2.4756635942763916,
      "Lambda_glob": -0.4329663212473147,
      "closure_penalty": 5.910495304549115,
      "V_rel_total": 6.305324794759002,
      "radial_spread": 0.18214671898438003,
      "mean_spin": -0.08791389760080771,
      "spectral_radius_A": 1.3254340576754307,
      "spectral_gap_A": 0.553101170523094,
      "fiedler_L": 0.24879264751521443,
      "zeta_enabled": true,
      "zeta_tetra_defect": 7.703719777548943e-33,
      "zeta_effective_tau": 0.3645,
      "zeta_effective_phase": -9.491887696164678e-05,
      "zeta_coupling_norm": 0.006193068378233003,
      "zeta_coupling_norm_raw": 0.7778924919492756,
      "zeta_spin": -0.08791389760080771,
      "zeta_rho": 0.449940675701899,
      "D_f": 2.57,
      "euler_leak_angle": 0.8953539062730907
    },
    {
      "R_H": 0.021870947413567366,
      "T_glob": 2.403417744057665,
      "Lambda_glob": 0.21450023943600527,
      "closure_penalty": 5.909335968543739,
      "V_rel_total": 6.2917195775659565,
      "radial_spread": 0.18284116639917447,
      "mean_spin": -0.05789299924375491,
      "spectral_radius_A": 1.2379698431760315,
      "spectral_gap_A": 0.4693500284457073,
      "fiedler_L": 0.27729171248465406,
      "zeta_enabled": true,
      "zeta_tetra_defect": 1.3866695599588098e-32,
      "zeta_effective_tau": 0.3645,
      "zeta_effective_phase": -0.00015732230837210267,
      "zeta_coupling_norm": 0.006301496547169475,
      "zeta_coupling_norm_raw": 0.7911060550616673,
      "zeta_spin": -0.05789299924375491,
      "zeta_rho": 0.4499016095060093,
      "D_f": 2.57,
      "euler_leak_angle": 0.8953539062730907
    }
  ],
  "diagnostics": {
    "closure_residuals": {
      "constraints": 0.6313850297826147,
      "fields": 1.038266094272289,
      "runtime": 1.2899050180166673,
      "memory": 1.3300797657110437,
      "bridge": 0.638098612402089,
      "vocabulary": 0.7697762352701703
    },
    "local_vorticity": {
      "constraints": 0.0030147559137398885,
      "fields": -0.0753075302569378,
      "runtime": 0.367916973303721,
      "memory": 0.07715403751767172,
      "bridge": 0.17347159483641705,
      "vocabulary": 0.11586441196633011
    },
    "effective_mass": {
      "constraints": 1.2703037860981088,
      "fields": 1.3428745587507507,
      "runtime": 0.8038800866855162,
      "memory": 2.2715763864836536,
      "bridge": 0.7359848510784595,
      "vocabulary": 1.6215256986275588
    },
    "dominant_residual_sector": "memory",
    "dominant_vorticity_sector": "runtime",
    "dominant_mass_sector": "memory",
    "residual_rank": [
      [
        "memory",
        1.3300797657110437
      ],
      [
        "runtime",
        1.2899050180166673
      ],
      [
        "fields",
        1.038266094272289
      ],
      [
        "vocabulary",
        0.7697762352701703
      ],
      [
        "bridge",
        0.638098612402089
      ],
      [
        "constraints",
        0.6313850297826147
      ]
    ],
    "vorticity_rank": [
      [
        "runtime",
        0.367916973303721
      ],
      [
        "bridge",
        0.17347159483641705
      ],
      [
        "vocabulary",
        0.11586441196633011
      ],
      [
        "memory",
        0.07715403751767172
      ],
      [
        "fields",
        -0.0753075302569378
      ],
      [
        "constraints",
        0.0030147559137398885
      ]
    ],
    "mass_rank": [
      [
        "memory",
        2.2715763864836536
      ],
      [
        "vocabulary",
        1.6215256986275588
      ],
      [
        "fields",
        1.3428745587507507
      ],
      [
        "constraints",
        1.2703037860981088
      ],
      [
        "runtime",
        0.8038800866855162
      ],
      [
        "bridge",
        0.7359848510784595
      ]
    ]
  },
  "pass_label": "orbital_orbital_mode=standard_R_H=0.8800_closure=0.0000_chirality=0.0000",
  "repo_root": "/home/runner/work/CIEL-_SOT_Agent/CIEL-_SOT_Agent/integration/Orbital/main"
}