{
  "schema": "ciel-sot-agent/local-nonlocality-fallback/v0.1",
  "timestamp": "2026-05-01T18:37:57.024835+00:00",
  "activation_threshold": 0.4,
  "canonical_coherent_fraction_input": 0.6,
  "fallback_active": false,
  "pc_metrics": {
    "cpu_percent": 6.56,
    "mem_percent": 51.34,
    "load_avg_1m": 4.03,
    "process_count": 340,
    "disk_read_mb": 0.0,
    "disk_write_mb": 0.2,
    "net_total_mb": 365.225,
    "time_of_day_phase_rad": 5.139776
  },
  "pc_phase_labels": [
    "M0_Perceptual(cpu)",
    "M1_Working(ram)",
    "M2_Episodic(disk_read)",
    "M3_Semantic(disk_write)",
    "M4_Procedural(procs)",
    "M5_Affective(load)",
    "M6_Identity(circadian)",
    "M7_Braid(net)"
  ],
  "pc_phases_rad": [
    -0.006832,
    0.049242,
    0.04456,
    0.048794,
    0.106535,
    0.112139,
    0.083914,
    0.021939
  ],
  "eba_loop_results": {
    "short": {
      "epsilon_eba": 0.05929679934150124,
      "defect_magnitude": 0.05929679934150124,
      "is_coherent": true,
      "phi_dyn": 0.08333333333333333,
      "phi_berry": -0.04165665563270586,
      "phi_ab": 0.01762012164087377,
      "nu_e": 0
    },
    "medium": {
      "epsilon_eba": 0.040504057182283,
      "defect_magnitude": 0.040504057182283,
      "is_coherent": true,
      "phi_dyn": 0.08333333333333333,
      "phi_berry": -0.034836464496652626,
      "phi_ab": -0.007992811654397705,
      "nu_e": 0
    },
    "deep": {
      "epsilon_eba": 0.04833652775424338,
      "defect_magnitude": 0.04833652775424338,
      "is_coherent": true,
      "phi_dyn": 0.08333333333333333,
      "phi_berry": -0.035230520584716415,
      "phi_ab": 0.00023371500562646978,
      "nu_e": 0
    },
    "identity_stabilization": {
      "epsilon_eba": 0.042193177250325516,
      "defect_magnitude": 0.042193177250325516,
      "is_coherent": true,
      "phi_dyn": 0.08333333333333333,
      "phi_berry": -0.038257501884201926,
      "phi_ab": -0.002882654198805878,
      "nu_e": 0
    },
    "semantic_consolidation": {
      "epsilon_eba": 0.05031298714665852,
      "defect_magnitude": 0.05031298714665852,
      "is_coherent": true,
      "phi_dyn": 0.08333333333333334,
      "phi_berry": -0.03999070324027356,
      "phi_ab": 0.006970357053598749,
      "nu_e": 0
    }
  },
  "observables": {
    "nonlocal_coherent_fraction": 1.0,
    "phi_ab_mean": 0.002789745569379081,
    "phi_berry_mean": -0.03799436916771008,
    "eba_defect_mean": 0.04812870973500233,
    "loop_count": 5,
    "coherent_count": 5
  }
}