{
  "schema": "ciel-sot-agent/local-nonlocality-fallback/v0.1",
  "timestamp": "2026-05-01T18:53:12.848228+00:00",
  "activation_threshold": 0.4,
  "canonical_coherent_fraction_input": 0.6,
  "fallback_active": false,
  "pc_metrics": {
    "cpu_percent": 11.67,
    "mem_percent": 44.95,
    "load_avg_1m": 2.52,
    "process_count": 335,
    "disk_read_mb": 0.0,
    "disk_write_mb": 0.19,
    "net_total_mb": 435.4886,
    "time_of_day_phase_rad": 5.206317
  },
  "pc_phase_labels": [
    "M0_Perceptual(cpu)",
    "M1_Working(ram)",
    "M2_Episodic(disk_read)",
    "M3_Semantic(disk_write)",
    "M4_Procedural(procs)",
    "M5_Affective(load)",
    "M6_Identity(circadian)",
    "M7_Braid(net)"
  ],
  "pc_phases_rad": [
    0.000803,
    0.027244,
    0.04456,
    0.048565,
    0.105744,
    0.09826,
    0.084916,
    0.025673
  ],
  "eba_loop_results": {
    "short": {
      "epsilon_eba": 0.061848422972208404,
      "defect_magnitude": 0.061848422972208404,
      "is_coherent": true,
      "phi_dyn": 0.08333333333333333,
      "phi_berry": -0.04147404230918039,
      "phi_ab": 0.01998913194805546,
      "nu_e": 0
    },
    "medium": {
      "epsilon_eba": 0.03540575955916506,
      "defect_magnitude": 0.03540575955916506,
      "is_coherent": true,
      "phi_dyn": 0.0833333333333334,
      "phi_berry": -0.03628097375662512,
      "phi_ab": -0.011646600017543217,
      "nu_e": 0
    },
    "deep": {
      "epsilon_eba": 0.04546045997865119,
      "defect_magnitude": 0.04546045997865119,
      "is_coherent": true,
      "phi_dyn": 0.08333333333333334,
      "phi_berry": -0.0362852930703789,
      "phi_ab": -0.00158758028430325,
      "nu_e": 0
    },
    "identity_stabilization": {
      "epsilon_eba": 0.046236021558665165,
      "defect_magnitude": 0.046236021558665165,
      "is_coherent": true,
      "phi_dyn": 0.08333333333333331,
      "phi_berry": -0.037774975258313824,
      "phi_ab": 0.0006776634836456819,
      "nu_e": 0
    },
    "semantic_consolidation": {
      "epsilon_eba": 0.04835041134590217,
      "defect_magnitude": 0.04835041134590217,
      "is_coherent": true,
      "phi_dyn": 0.08333333333333331,
      "phi_berry": -0.04002396747662916,
      "phi_ab": 0.005041045489198009,
      "nu_e": 0
    }
  },
  "observables": {
    "nonlocal_coherent_fraction": 1.0,
    "phi_ab_mean": 0.002494732123810537,
    "phi_berry_mean": -0.03836785037422548,
    "eba_defect_mean": 0.0474602150829184,
    "loop_count": 5,
    "coherent_count": 5
  }
}