{
  "schema": "ciel-sot-agent/local-nonlocality-fallback/v0.1",
  "timestamp": "2026-05-01T15:24:12.385130+00:00",
  "activation_threshold": 0.4,
  "canonical_coherent_fraction_input": 0.6,
  "fallback_active": false,
  "pc_metrics": {
    "cpu_percent": 3.28,
    "mem_percent": 43.89,
    "load_avg_1m": 0.87,
    "process_count": 329,
    "disk_read_mb": 0.13,
    "disk_write_mb": 0.42,
    "net_total_mb": 136.1762,
    "time_of_day_phase_rad": 4.294383
  },
  "pc_phase_labels": [
    "M0_Perceptual(cpu)",
    "M1_Working(ram)",
    "M2_Episodic(disk_read)",
    "M3_Semantic(disk_write)",
    "M4_Procedural(procs)",
    "M5_Affective(load)",
    "M6_Identity(circadian)",
    "M7_Braid(net)"
  ],
  "pc_phases_rad": [
    -0.010672,
    0.023811,
    0.047468,
    0.052672,
    0.104699,
    0.038509,
    0.069152,
    0.003958
  ],
  "eba_loop_results": {
    "short": {
      "epsilon_eba": 0.05216898811044993,
      "defect_magnitude": 0.05216898811044993,
      "is_coherent": true,
      "phi_dyn": 0.08333333333333333,
      "phi_berry": -0.04131174011418478,
      "phi_ab": 0.010147394891301387,
      "nu_e": 0
    },
    "medium": {
      "epsilon_eba": 0.03673249831571734,
      "defect_magnitude": 0.03673249831571734,
      "is_coherent": true,
      "phi_dyn": 0.08333333333333329,
      "phi_berry": -0.03757270391412972,
      "phi_ab": -0.009028131103486227,
      "nu_e": 0
    },
    "deep": {
      "epsilon_eba": 0.05656356780452739,
      "defect_magnitude": 0.05656356780452739,
      "is_coherent": true,
      "phi_dyn": 0.08333333333333331,
      "phi_berry": -0.035886095739215806,
      "phi_ab": 0.00911633021040989,
      "nu_e": 0
    },
    "identity_stabilization": {
      "epsilon_eba": 0.054656088965578366,
      "defect_magnitude": 0.054656088965578366,
      "is_coherent": true,
      "phi_dyn": 0.08333333333333334,
      "phi_berry": -0.03873883771959201,
      "phi_ab": 0.010061593351837036,
      "nu_e": 0
    },
    "semantic_consolidation": {
      "epsilon_eba": 0.03918814044424994,
      "defect_magnitude": 0.03918814044424994,
      "is_coherent": true,
      "phi_dyn": 0.08333333333333333,
      "phi_berry": -0.04029972852281244,
      "phi_ab": -0.0038454643662709526,
      "nu_e": 0
    }
  },
  "observables": {
    "nonlocal_coherent_fraction": 1.0,
    "phi_ab_mean": 0.0032903445967582268,
    "phi_berry_mean": -0.03876182120198695,
    "eba_defect_mean": 0.04786185672810459,
    "loop_count": 5,
    "coherent_count": 5
  }
}