{
  "schema": "ciel-sot-agent/local-nonlocality-fallback/v0.1",
  "timestamp": "2026-04-29T22:42:19.805242+00:00",
  "activation_threshold": 0.4,
  "canonical_coherent_fraction_input": 0.6,
  "fallback_active": false,
  "pc_metrics": {
    "cpu_percent": 6.45,
    "mem_percent": 35.42,
    "load_avg_1m": 2.07,
    "process_count": 336,
    "disk_read_mb": 0.02,
    "disk_write_mb": 0.0,
    "net_total_mb": 3195.1388,
    "time_of_day_phase_rad": 6.206027
  },
  "pc_phase_labels": [
    "M0_Perceptual(cpu)",
    "M1_Working(ram)",
    "M2_Episodic(disk_read)",
    "M3_Semantic(disk_write)",
    "M4_Procedural(procs)",
    "M5_Affective(load)",
    "M6_Identity(circadian)",
    "M7_Braid(net)"
  ],
  "pc_phases_rad": [
    0.053607,
    0.06156,
    0.105496,
    0.105135,
    0.166482,
    0.148028,
    0.157711,
    0.130947
  ],
  "eba_loop_results": {
    "short": {
      "epsilon_eba": 0.06914105902480072,
      "defect_magnitude": 0.06914105902480072,
      "is_coherent": true,
      "phi_dyn": 0.08333333333333334,
      "phi_berry": -0.040709327767735205,
      "phi_ab": 0.02651705345920258,
      "nu_e": 0
    },
    "medium": {
      "epsilon_eba": 0.03824140551003506,
      "defect_magnitude": 0.03824140551003506,
      "is_coherent": true,
      "phi_dyn": 0.08333333333333334,
      "phi_berry": -0.03502080520080285,
      "phi_ab": -0.010071122622495434,
      "nu_e": 0
    },
    "deep": {
      "epsilon_eba": 0.039669279375201996,
      "defect_magnitude": 0.039669279375201996,
      "is_coherent": true,
      "phi_dyn": 0.08333333333333334,
      "phi_berry": -0.03584287164035106,
      "phi_ab": -0.007821182317780284,
      "nu_e": 0
    },
    "identity_stabilization": {
      "epsilon_eba": 0.04630304068013133,
      "defect_magnitude": 0.04630304068013133,
      "is_coherent": true,
      "phi_dyn": 0.08333333333333334,
      "phi_berry": -0.0371046466274944,
      "phi_ab": 7.435397429239252e-05,
      "nu_e": 0
    },
    "semantic_consolidation": {
      "epsilon_eba": 0.05012038916850357,
      "defect_magnitude": 0.05012038916850357,
      "is_coherent": true,
      "phi_dyn": 0.08333333333333331,
      "phi_berry": -0.03978484244975809,
      "phi_ab": 0.006571898284928348,
      "nu_e": 0
    }
  },
  "observables": {
    "nonlocal_coherent_fraction": 1.0,
    "phi_ab_mean": 0.0030542001556295205,
    "phi_berry_mean": -0.03769249873722832,
    "eba_defect_mean": 0.048695034751734534,
    "loop_count": 5,
    "coherent_count": 5
  }
}