{
  "schema": "ciel-sot-agent/local-nonlocality-fallback/v0.1",
  "timestamp": "2026-04-29T22:31:18.600607+00:00",
  "activation_threshold": 0.4,
  "canonical_coherent_fraction_input": 0.6,
  "fallback_active": false,
  "pc_metrics": {
    "cpu_percent": 3.39,
    "mem_percent": 36.39,
    "load_avg_1m": 1.04,
    "process_count": 337,
    "disk_read_mb": 0.0,
    "disk_write_mb": 0.0,
    "net_total_mb": 3161.5237,
    "time_of_day_phase_rad": 6.157958
  },
  "pc_phase_labels": [
    "M0_Perceptual(cpu)",
    "M1_Working(ram)",
    "M2_Episodic(disk_read)",
    "M3_Semantic(disk_write)",
    "M4_Procedural(procs)",
    "M5_Affective(load)",
    "M6_Identity(circadian)",
    "M7_Braid(net)"
  ],
  "pc_phases_rad": [
    0.05002,
    0.0637,
    0.105135,
    0.105226,
    0.166643,
    0.107001,
    0.157238,
    0.130734
  ],
  "eba_loop_results": {
    "short": {
      "epsilon_eba": 0.064585407910654,
      "defect_magnitude": 0.064585407910654,
      "is_coherent": true,
      "phi_dyn": 0.08333333333333333,
      "phi_berry": -0.04080635869245816,
      "phi_ab": 0.02205843326977883,
      "nu_e": 0
    },
    "medium": {
      "epsilon_eba": 0.04187354876185752,
      "defect_magnitude": 0.04187354876185752,
      "is_coherent": true,
      "phi_dyn": 0.08333333333333333,
      "phi_berry": -0.03547003304428533,
      "phi_ab": -0.0059897515271904725,
      "nu_e": 0
    },
    "deep": {
      "epsilon_eba": 0.046239273404867845,
      "defect_magnitude": 0.046239273404867845,
      "is_coherent": true,
      "phi_dyn": 0.08333333333333333,
      "phi_berry": -0.034305691879281,
      "phi_ab": -0.002788368049184484,
      "nu_e": 0
    },
    "identity_stabilization": {
      "epsilon_eba": 0.04941265463683381,
      "defect_magnitude": 0.04941265463683381,
      "is_coherent": true,
      "phi_dyn": 0.08333333333333333,
      "phi_berry": -0.038028371399776655,
      "phi_ab": 0.004107692703277144,
      "nu_e": 0
    },
    "semantic_consolidation": {
      "epsilon_eba": 0.04698344071752062,
      "defect_magnitude": 0.04698344071752062,
      "is_coherent": true,
      "phi_dyn": 0.08333333333333334,
      "phi_berry": -0.03978060877811553,
      "phi_ab": 0.003430716162302805,
      "nu_e": 0
    }
  },
  "observables": {
    "nonlocal_coherent_fraction": 1.0,
    "phi_ab_mean": 0.004163744511796764,
    "phi_berry_mean": -0.037678212758783344,
    "eba_defect_mean": 0.04981886508634676,
    "loop_count": 5,
    "coherent_count": 5
  }
}