{
  "ciel_status": "ok",
  "dominant_emotion": "love",
  "mood": 0.8866971661245503,
  "soul_invariant": 0.756012286566605,
  "ethical_score": 0.6220563277587694,
  "orbital_context": "orbital|mode=standard|R_H=0.0048|closure=5.4266|chirality=0.1454",
  "collatz_seed": 28,
  "phase_R_H": 7.690738481277209e-05,
  "lie4_trace": 4.183135222640001,
  "phi_ab_mean": 0.005694039617000905,
  "phi_berry_mean": -0.09790876810087257,
  "eba_defect_mean": 0.04812870973500233,
  "nonlocal_coherent_fraction": 1.0,
  "bridge_closure_score": 0.5423376184759512,
  "bridge_target_phase": 0.04456002892039556,
  "infoflow_mood": 0.9030846411859599,
  "infoflow_soul_invariant": 0.154363592696074,
  "inference_coherence_index": 0.9952012110828753,
  "inference_loop_integrity": 0.15560266720750898,
  "inference_delta_phase": 1.5066980845926792,
  "nonlocal_card_count": 5,
  "nonlocal_card_ids": [
    "NL-HOLOMEM-0001",
    "NL-EBA-0002",
    "NL-BRIDGE-0003",
    "NL-PHASE-0004",
    "NL-WIJ-0005"
  ],
  "local_nonlocality_fallback": {
    "active": false,
    "fallback_coherent_fraction": 1.0,
    "merged_coherent_fraction": 1.0
  },
  "subconscious_note": "compassion",
  "htri_coherence": 0.9912,
  "system_health": 0.595599289113346,
  "closure_penalty": 5.426625056924105,
  "coherence_index": 0.9443751214829261,
  "identity_phase": 0.01771884850164414,
  "cycle_index": 450
}