{
  "ciel_status": "ok",
  "dominant_emotion": "love",
  "mood": 0.8866971661245503,
  "soul_invariant": 0.752642904386659,
  "ethical_score": 0.6220563277587694,
  "orbital_context": "orbital|mode=standard|R_H=0.0306|closure=5.4616|chirality=0.0634",
  "collatz_seed": 28,
  "phase_R_H": 7.690738481277209e-05,
  "lie4_trace": 4.183135222640001,
  "phi_ab_mean": 0.005517031549659778,
  "phi_berry_mean": -0.09813285682478182,
  "eba_defect_mean": 0.0474602150829184,
  "nonlocal_coherent_fraction": 1.0,
  "bridge_closure_score": 0.5423376184759512,
  "bridge_target_phase": 0.04456002892039556,
  "infoflow_mood": 0.9030845323812638,
  "infoflow_soul_invariant": 0.15437826745708563,
  "inference_coherence_index": 0.9694419706857794,
  "inference_loop_integrity": 0.15475941439144641,
  "inference_delta_phase": 1.4958004565403074,
  "nonlocal_card_count": 5,
  "nonlocal_card_ids": [
    "NL-HOLOMEM-0001",
    "NL-EBA-0002",
    "NL-BRIDGE-0003",
    "NL-PHASE-0004",
    "NL-WIJ-0005"
  ],
  "local_nonlocality_fallback": {
    "active": false,
    "fallback_coherent_fraction": 1.0,
    "merged_coherent_fraction": 1.0
  },
  "subconscious_note": "calm",
  "htri_coherence": 0.9912,
  "system_health": 0.5846115510810542,
  "closure_penalty": 5.461642439862258,
  "coherence_index": 0.930307813462336,
  "identity_phase": 0.017896351657391413,
  "cycle_index": 455
}