{
  "engine": "global_orbital_coherence_pass_v64_runtime_bridge",
  "steps": 2,
  "params": {
    "dt": 0.012887,
    "tau_eta": 0.0085,
    "tau_reg": 0.0024,
    "sigma": 0.20992708860770198,
    "beta": 0.8858849039288708,
    "gamma": 0.3383621712598693,
    "I0": 0.008114359738066937,
    "mesh_boost": 0.764994,
    "tension_weight": 0.24841695319131418,
    "closure_weight": 0.08945494489662148,
    "use_zeta_pole": true,
    "zeta_coupling_scale": 0.331142,
    "zeta_tetra_weight": 0.5,
    "zeta_amplitude": 0.35,
    "zeta_relax": 0.08,
    "zeta_global_rotation": 0.0,
    "zeta_heisenberg_alpha": 8.0,
    "zeta_i0_scale": 1.0,
    "use_relational_lagrangian": true,
    "kappa_H": 1.0,
    "lambda_tension": 0.15,
    "lambda_distortion": 1.0,
    "lambda_zeta_tetra": 1.0,
    "alpha_spin": 4.0,
    "mu_phi": 0.089484,
    "mu_rho": 0.14,
    "epsilon_hom": 0.22,
    "spin_vorticity_gain": 0.2,
    "relax_amp": 0.28,
    "grad_eps": 0.001,
    "use_euler_leak_rotation": true,
    "D_f": 2.57,
    "euler_angular_gain": 1.0,
    "zeta_phase0": 0.0
  },
  "initial": {
    "R_H": 0.0022992519926136024,
    "T_glob": 2.5049521152249725,
    "Lambda_glob": 0.0,
    "closure_penalty": 5.986308480539089,
    "V_rel_total": 6.364350549815448,
    "radial_spread": 0.18130906565294394,
    "mean_spin": 0.0,
    "spectral_radius_A": 1.3624072770676607,
    "spectral_gap_A": 0.6063768422829171,
    "fiedler_L": 0.23476662859986636,
    "zeta_enabled": true,
    "zeta_tetra_defect": 3.389636702121535e-32,
    "zeta_effective_tau": 0.3645,
    "zeta_effective_phase": 2.220446049250313e-16,
    "zeta_coupling_norm": 0.006916315731474386,
    "zeta_coupling_norm_raw": 0.8701177717757704,
    "zeta_spin": 0.0,
    "zeta_rho": 0.45,
    "D_f": 2.57,
    "euler_leak_angle": 0.8953539062730907
  },
  "final": {
    "R_H": 0.01654908505856594,
    "T_glob": 2.3776176651350416,
    "Lambda_glob": 0.2009190479920203,
    "closure_penalty": 5.894471931444716,
    "V_rel_total": 6.267663666273538,
    "radial_spread": 0.18275241377947196,
    "mean_spin": -0.056389108427422695,
    "spectral_radius_A": 1.2256119404463819,
    "spectral_gap_A": 0.46672110527909794,
    "fiedler_L": 0.2741129817054272,
    "zeta_enabled": true,
    "zeta_tetra_defect": 1.8488927466117464e-32,
    "zeta_effective_tau": 0.3645,
    "zeta_effective_phase": -0.00014805187593399627,
    "zeta_coupling_norm": 0.006408785020494883,
    "zeta_coupling_norm_raw": 0.8050918819877916,
    "zeta_spin": -0.056389108427422695,
    "zeta_rho": 0.44990740957975417,
    "D_f": 2.57,
    "euler_leak_angle": 0.8953539062730907
  },
  "history": [
    {
      "R_H": 0.0022992519926136024,
      "T_glob": 2.5049521152249725,
      "Lambda_glob": 0.0,
      "closure_penalty": 5.986308480539089,
      "V_rel_total": 6.364350549815448,
      "radial_spread": 0.18130906565294394,
      "mean_spin": 0.0,
      "spectral_radius_A": 1.3624072770676607,
      "spectral_gap_A": 0.6063768422829171,
      "fiedler_L": 0.23476662859986636,
      "zeta_enabled": true,
      "zeta_tetra_defect": 3.389636702121535e-32,
      "zeta_effective_tau": 0.3645,
      "zeta_effective_phase": 2.220446049250313e-16,
      "zeta_coupling_norm": 0.006916315731474386,
      "zeta_coupling_norm_raw": 0.8701177717757704,
      "zeta_spin": 0.0,
      "zeta_rho": 0.45,
      "D_f": 2.57,
      "euler_leak_angle": 0.8953539062730907
    },
    {
      "R_H": 0.01776551640249826,
      "T_glob": 2.447042312144041,
      "Lambda_glob": -0.43113412389486233,
      "closure_penalty": 5.894577912717965,
      "V_rel_total": 6.279399775942069,
      "radial_spread": 0.18209803825337104,
      "mean_spin": -0.08730674048364066,
      "spectral_radius_A": 1.3100040120382848,
      "spectral_gap_A": 0.5473642448789185,
      "fiedler_L": 0.24594067578641166,
      "zeta_enabled": true,
      "zeta_tetra_defect": 3.697785493223493e-32,
      "zeta_effective_tau": 0.3645,
      "zeta_effective_phase": -9.000975716885525e-05,
      "zeta_coupling_norm": 0.006296954063982403,
      "zeta_coupling_norm_raw": 0.7914553705107258,
      "zeta_spin": -0.08730674048364066,
      "zeta_rho": 0.4499437439017694,
      "D_f": 2.57,
      "euler_leak_angle": 0.8953539062730907
    },
    {
      "R_H": 0.01654908505856594,
      "T_glob": 2.3776176651350416,
      "Lambda_glob": 0.2009190479920203,
      "closure_penalty": 5.894471931444716,
      "V_rel_total": 6.267663666273538,
      "radial_spread": 0.18275241377947196,
      "mean_spin": -0.056389108427422695,
      "spectral_radius_A": 1.2256119404463819,
      "spectral_gap_A": 0.46672110527909794,
      "fiedler_L": 0.2741129817054272,
      "zeta_enabled": true,
      "zeta_tetra_defect": 1.8488927466117464e-32,
      "zeta_effective_tau": 0.3645,
      "zeta_effective_phase": -0.00014805187593399627,
      "zeta_coupling_norm": 0.006408785020494883,
      "zeta_coupling_norm_raw": 0.8050918819877916,
      "zeta_spin": -0.056389108427422695,
      "zeta_rho": 0.44990740957975417,
      "D_f": 2.57,
      "euler_leak_angle": 0.8953539062730907
    }
  ],
  "diagnostics": {
    "closure_residuals": {
      "constraints": 0.6326321314727862,
      "fields": 1.0377545250362616,
      "runtime": 1.2871456240106736,
      "memory": 1.3240867585135612,
      "bridge": 0.6422642878319537,
      "vocabulary": 0.7712723556141602
    },
    "local_vorticity": {
      "constraints": 0.0029905130043513875,
      "fields": -0.07501034868063085,
      "runtime": 0.3646903354519043,
      "memory": 0.07616633390802387,
      "bridge": 0.17165357748457247,
      "vocabulary": 0.11417826313366149
    },
    "effective_mass": {
      "constraints": 1.2694774974640313,
      "fields": 1.3413561611824083,
      "runtime": 0.8025242517170341,
      "memory": 2.266827595328915,
      "bridge": 0.7337592456179468,
      "vocabulary": 1.6192786179844714
    },
    "dominant_residual_sector": "memory",
    "dominant_vorticity_sector": "runtime",
    "dominant_mass_sector": "memory",
    "residual_rank": [
      [
        "memory",
        1.3240867585135612
      ],
      [
        "runtime",
        1.2871456240106736
      ],
      [
        "fields",
        1.0377545250362616
      ],
      [
        "vocabulary",
        0.7712723556141602
      ],
      [
        "bridge",
        0.6422642878319537
      ],
      [
        "constraints",
        0.6326321314727862
      ]
    ],
    "vorticity_rank": [
      [
        "runtime",
        0.3646903354519043
      ],
      [
        "bridge",
        0.17165357748457247
      ],
      [
        "vocabulary",
        0.11417826313366149
      ],
      [
        "memory",
        0.07616633390802387
      ],
      [
        "fields",
        -0.07501034868063085
      ],
      [
        "constraints",
        0.0029905130043513875
      ]
    ],
    "mass_rank": [
      [
        "memory",
        2.266827595328915
      ],
      [
        "vocabulary",
        1.6192786179844714
      ],
      [
        "fields",
        1.3413561611824083
      ],
      [
        "constraints",
        1.2694774974640313
      ],
      [
        "runtime",
        0.8025242517170341
      ],
      [
        "bridge",
        0.7337592456179468
      ]
    ]
  },
  "pass_label": "orbital_orbital_mode=standard_R_H=0.0000_closure=0.0000_chirality=0.0000",
  "repo_root": "/home/runner/work/CIEL-_SOT_Agent/CIEL-_SOT_Agent/integration/Orbital/main"
}