{
  "engine": "global_orbital_coherence_pass_v64_runtime_bridge",
  "steps": 2,
  "params": {
    "dt": 0.013494,
    "tau_eta": 0.0085,
    "tau_reg": 0.0024,
    "sigma": 0.20992708860770198,
    "beta": 0.8858849039288708,
    "gamma": 0.3383621712598693,
    "I0": 0.008114359738066937,
    "mesh_boost": 0.782039,
    "tension_weight": 0.24841695319131418,
    "closure_weight": 0.08945494489662148,
    "use_zeta_pole": true,
    "zeta_coupling_scale": 0.336755,
    "zeta_tetra_weight": 0.5,
    "zeta_amplitude": 0.35,
    "zeta_relax": 0.08,
    "zeta_global_rotation": 0.0,
    "zeta_heisenberg_alpha": 8.0,
    "zeta_i0_scale": 1.0,
    "use_relational_lagrangian": true,
    "kappa_H": 1.0,
    "lambda_tension": 0.15,
    "lambda_distortion": 1.0,
    "lambda_zeta_tetra": 1.0,
    "alpha_spin": 4.0,
    "mu_phi": 0.088407,
    "mu_rho": 0.14,
    "epsilon_hom": 0.22,
    "spin_vorticity_gain": 0.2,
    "relax_amp": 0.28,
    "grad_eps": 0.001,
    "use_euler_leak_rotation": true,
    "D_f": 2.57,
    "euler_angular_gain": 1.0,
    "zeta_phase0": 0.0
  },
  "initial": {
    "R_H": 0.0022992519926136024,
    "T_glob": 2.5607106139909157,
    "Lambda_glob": 0.0,
    "closure_penalty": 6.006615708536668,
    "V_rel_total": 6.393021552627919,
    "radial_spread": 0.18130906565294394,
    "mean_spin": 0.0,
    "spectral_radius_A": 1.3927633740274006,
    "spectral_gap_A": 0.6198876584157412,
    "fiedler_L": 0.23999751561922117,
    "zeta_enabled": true,
    "zeta_tetra_defect": 3.389636702121535e-32,
    "zeta_effective_tau": 0.3645,
    "zeta_effective_phase": 2.220446049250313e-16,
    "zeta_coupling_norm": 0.007028749429779226,
    "zeta_coupling_norm_raw": 0.8848666440208418,
    "zeta_spin": 0.0,
    "zeta_rho": 0.45,
    "D_f": 2.57,
    "euler_leak_angle": 0.8953539062730907
  },
  "final": {
    "R_H": 0.01902217090527458,
    "T_glob": 2.422317648222643,
    "Lambda_glob": 0.20183937109735664,
    "closure_penalty": 5.912114827741861,
    "V_rel_total": 6.294484645880532,
    "radial_spread": 0.1828571648694575,
    "mean_spin": -0.059555063228581485,
    "spectral_radius_A": 1.2475080942188133,
    "spectral_gap_A": 0.47223054445821744,
    "fiedler_L": 0.2798517793139531,
    "zeta_enabled": true,
    "zeta_tetra_defect": 2.619264724366641e-32,
    "zeta_effective_tau": 0.3645,
    "zeta_effective_phase": -0.00016101439148947892,
    "zeta_coupling_norm": 0.006508953859835753,
    "zeta_coupling_norm_raw": 0.8181809550603176,
    "zeta_spin": -0.059555063228581485,
    "zeta_rho": 0.4498993006754421,
    "D_f": 2.57,
    "euler_leak_angle": 0.8953539062730907
  },
  "history": [
    {
      "R_H": 0.0022992519926136024,
      "T_glob": 2.5607106139909157,
      "Lambda_glob": 0.0,
      "closure_penalty": 6.006615708536668,
      "V_rel_total": 6.393021552627919,
      "radial_spread": 0.18130906565294394,
      "mean_spin": 0.0,
      "spectral_radius_A": 1.3927633740274006,
      "spectral_gap_A": 0.6198876584157412,
      "fiedler_L": 0.23999751561922117,
      "zeta_enabled": true,
      "zeta_tetra_defect": 3.389636702121535e-32,
      "zeta_effective_tau": 0.3645,
      "zeta_effective_phase": 2.220446049250313e-16,
      "zeta_coupling_norm": 0.007028749429779226,
      "zeta_coupling_norm_raw": 0.8848666440208418,
      "zeta_spin": 0.0,
      "zeta_rho": 0.45,
      "D_f": 2.57,
      "euler_leak_angle": 0.8953539062730907
    },
    {
      "R_H": 0.020429482032941624,
      "T_glob": 2.497116977151759,
      "Lambda_glob": -0.43556375366429134,
      "closure_penalty": 5.914047499373016,
      "V_rel_total": 6.309044527978721,
      "radial_spread": 0.18215521240391827,
      "mean_spin": -0.08969545486522251,
      "spectral_radius_A": 1.3370608720995842,
      "spectral_gap_A": 0.5575462949301535,
      "fiedler_L": 0.25091876148658687,
      "zeta_enabled": true,
      "zeta_tetra_defect": 2.1570415377137042e-32,
      "zeta_effective_tau": 0.3645,
      "zeta_effective_phase": -9.682803743591769e-05,
      "zeta_coupling_norm": 0.006397075618764975,
      "zeta_coupling_norm_raw": 0.8045614032935604,
      "zeta_spin": -0.08969545486522251,
      "zeta_rho": 0.4499394824766024,
      "D_f": 2.57,
      "euler_leak_angle": 0.8953539062730907
    },
    {
      "R_H": 0.01902217090527458,
      "T_glob": 2.422317648222643,
      "Lambda_glob": 0.20183937109735664,
      "closure_penalty": 5.912114827741861,
      "V_rel_total": 6.294484645880532,
      "radial_spread": 0.1828571648694575,
      "mean_spin": -0.059555063228581485,
      "spectral_radius_A": 1.2475080942188133,
      "spectral_gap_A": 0.47223054445821744,
      "fiedler_L": 0.2798517793139531,
      "zeta_enabled": true,
      "zeta_tetra_defect": 2.619264724366641e-32,
      "zeta_effective_tau": 0.3645,
      "zeta_effective_phase": -0.00016101439148947892,
      "zeta_coupling_norm": 0.006508953859835753,
      "zeta_coupling_norm_raw": 0.8181809550603176,
      "zeta_spin": -0.059555063228581485,
      "zeta_rho": 0.4498993006754421,
      "D_f": 2.57,
      "euler_leak_angle": 0.8953539062730907
    }
  ],
  "diagnostics": {
    "closure_residuals": {
      "constraints": 0.6279301557154163,
      "fields": 1.038889062706111,
      "runtime": 1.2918050314258709,
      "memory": 1.3322318740878254,
      "bridge": 0.6356564587516478,
      "vocabulary": 0.7686786868186551
    },
    "local_vorticity": {
      "constraints": 0.00276017487340332,
      "fields": -0.07590899474151544,
      "runtime": 0.3708019369178158,
      "memory": 0.07841232456137318,
      "bridge": 0.173765642632181,
      "vocabulary": 0.11645590432397797
    },
    "effective_mass": {
      "constraints": 1.2708087850267717,
      "fields": 1.344708217624067,
      "runtime": 0.8052801533462103,
      "memory": 2.2741401013319478,
      "bridge": 0.73730021401596,
      "vocabulary": 1.6227470890368396
    },
    "dominant_residual_sector": "memory",
    "dominant_vorticity_sector": "runtime",
    "dominant_mass_sector": "memory",
    "residual_rank": [
      [
        "memory",
        1.3322318740878254
      ],
      [
        "runtime",
        1.2918050314258709
      ],
      [
        "fields",
        1.038889062706111
      ],
      [
        "vocabulary",
        0.7686786868186551
      ],
      [
        "bridge",
        0.6356564587516478
      ],
      [
        "constraints",
        0.6279301557154163
      ]
    ],
    "vorticity_rank": [
      [
        "runtime",
        0.3708019369178158
      ],
      [
        "bridge",
        0.173765642632181
      ],
      [
        "vocabulary",
        0.11645590432397797
      ],
      [
        "memory",
        0.07841232456137318
      ],
      [
        "fields",
        -0.07590899474151544
      ],
      [
        "constraints",
        0.00276017487340332
      ]
    ],
    "mass_rank": [
      [
        "memory",
        2.2741401013319478
      ],
      [
        "vocabulary",
        1.6227470890368396
      ],
      [
        "fields",
        1.344708217624067
      ],
      [
        "constraints",
        1.2708087850267717
      ],
      [
        "runtime",
        0.8052801533462103
      ],
      [
        "bridge",
        0.73730021401596
      ]
    ]
  },
  "pass_label": "retrieval_test",
  "repo_root": "/mnt/data/work_continue/CIEL_RELATIONAL_MECHANISM_REPO"
}