{
  "engine": "global_orbital_coherence_pass_v64_runtime_bridge",
  "steps": 2,
  "params": {
    "dt": 0.014858,
    "tau_eta": 0.0085,
    "tau_reg": 0.0024,
    "sigma": 0.20992708860770198,
    "beta": 0.8858849039288708,
    "gamma": 0.3383621712598693,
    "I0": 0.008114359738066937,
    "mesh_boost": 0.815864,
    "tension_weight": 0.24841695319131418,
    "closure_weight": 0.08945494489662148,
    "use_zeta_pole": true,
    "zeta_coupling_scale": 0.32869,
    "zeta_tetra_weight": 0.5,
    "zeta_amplitude": 0.35,
    "zeta_relax": 0.08,
    "zeta_global_rotation": 0.0,
    "zeta_heisenberg_alpha": 8.0,
    "zeta_i0_scale": 1.0,
    "use_relational_lagrangian": true,
    "kappa_H": 1.0,
    "lambda_tension": 0.15,
    "lambda_distortion": 1.0,
    "lambda_zeta_tetra": 1.0,
    "alpha_spin": 4.0,
    "mu_phi": 0.094743,
    "mu_rho": 0.14,
    "epsilon_hom": 0.22,
    "spin_vorticity_gain": 0.2,
    "relax_amp": 0.28,
    "grad_eps": 0.001,
    "use_euler_leak_rotation": true,
    "D_f": 2.57,
    "euler_angular_gain": 1.0,
    "zeta_phase0": 0.0
  },
  "initial": {
    "R_H": 0.0022992519926136024,
    "T_glob": 2.670852346305546,
    "Lambda_glob": 0.0,
    "closure_penalty": 6.049446872357404,
    "V_rel_total": 6.452373976295849,
    "radial_spread": 0.18130906565294394,
    "mean_spin": 0.0,
    "spectral_radius_A": 1.453003619240846,
    "spectral_gap_A": 0.6466992369251436,
    "fiedler_L": 0.25037796463240436,
    "zeta_enabled": true,
    "zeta_tetra_defect": 3.389636702121535e-32,
    "zeta_effective_tau": 0.3645,
    "zeta_effective_phase": 2.220446049250313e-16,
    "zeta_coupling_norm": 0.006867128905855719,
    "zeta_coupling_norm_raw": 0.8636748295443587,
    "zeta_spin": 0.0,
    "zeta_rho": 0.45,
    "D_f": 2.57,
    "euler_leak_angle": 0.8953539062730907
  },
  "final": {
    "R_H": 0.03181215696797237,
    "T_glob": 2.509937199262838,
    "Lambda_glob": 0.22393619585280727,
    "closure_penalty": 5.95671304574261,
    "V_rel_total": 6.365015782600008,
    "radial_spread": 0.18309316577762433,
    "mean_spin": -0.0629619826342369,
    "spectral_radius_A": 1.289718235725971,
    "spectral_gap_A": 0.4813811642189225,
    "fiedler_L": 0.29081571309838256,
    "zeta_enabled": true,
    "zeta_tetra_defect": 3.697785493223493e-32,
    "zeta_effective_tau": 0.3645,
    "zeta_effective_phase": -0.00018403480005324964,
    "zeta_coupling_norm": 0.006350789065873447,
    "zeta_coupling_norm_raw": 0.797545851539991,
    "zeta_spin": -0.0629619826342369,
    "zeta_rho": 0.4498848970319651,
    "D_f": 2.57,
    "euler_leak_angle": 0.8953539062730907
  },
  "history": [
    {
      "R_H": 0.0022992519926136024,
      "T_glob": 2.670852346305546,
      "Lambda_glob": 0.0,
      "closure_penalty": 6.049446872357404,
      "V_rel_total": 6.452373976295849,
      "radial_spread": 0.18130906565294394,
      "mean_spin": 0.0,
      "spectral_radius_A": 1.453003619240846,
      "spectral_gap_A": 0.6466992369251436,
      "fiedler_L": 0.25037796463240436,
      "zeta_enabled": true,
      "zeta_tetra_defect": 3.389636702121535e-32,
      "zeta_effective_tau": 0.3645,
      "zeta_effective_phase": 2.220446049250313e-16,
      "zeta_coupling_norm": 0.006867128905855719,
      "zeta_coupling_norm_raw": 0.8636748295443587,
      "zeta_spin": 0.0,
      "zeta_rho": 0.45,
      "D_f": 2.57,
      "euler_leak_angle": 0.8953539062730907
    },
    {
      "R_H": 0.03419307854863132,
      "T_glob": 2.595500614704258,
      "Lambda_glob": -0.44121943508270856,
      "closure_penalty": 5.962963614079212,
      "V_rel_total": 6.386481784833482,
      "radial_spread": 0.18228461305399357,
      "mean_spin": -0.09197538179556884,
      "spectral_radius_A": 1.390258523471794,
      "spectral_gap_A": 0.5772182707078707,
      "fiedler_L": 0.26061637081574107,
      "zeta_enabled": true,
      "zeta_tetra_defect": 7.703719777548943e-33,
      "zeta_effective_tau": 0.3645,
      "zeta_effective_phase": -0.00010932561781735434,
      "zeta_coupling_norm": 0.006246443241096797,
      "zeta_coupling_norm_raw": 0.784879782752627,
      "zeta_spin": -0.09197538179556884,
      "zeta_rho": 0.4499316714888641,
      "D_f": 2.57,
      "euler_leak_angle": 0.8953539062730907
    },
    {
      "R_H": 0.03181215696797237,
      "T_glob": 2.509937199262838,
      "Lambda_glob": 0.22393619585280727,
      "closure_penalty": 5.95671304574261,
      "V_rel_total": 6.365015782600008,
      "radial_spread": 0.18309316577762433,
      "mean_spin": -0.0629619826342369,
      "spectral_radius_A": 1.289718235725971,
      "spectral_gap_A": 0.4813811642189225,
      "fiedler_L": 0.29081571309838256,
      "zeta_enabled": true,
      "zeta_tetra_defect": 3.697785493223493e-32,
      "zeta_effective_tau": 0.3645,
      "zeta_effective_phase": -0.00018403480005324964,
      "zeta_coupling_norm": 0.006350789065873447,
      "zeta_coupling_norm_raw": 0.797545851539991,
      "zeta_spin": -0.0629619826342369,
      "zeta_rho": 0.4498848970319651,
      "D_f": 2.57,
      "euler_leak_angle": 0.8953539062730907
    }
  ],
  "diagnostics": {
    "closure_residuals": {
      "constraints": 0.6217399089695835,
      "fields": 1.0408462350472352,
      "runtime": 1.3008337133119976,
      "memory": 1.3505019206584232,
      "bridge": 0.622291074391088,
      "vocabulary": 0.7638859061843695
    },
    "local_vorticity": {
      "constraints": 0.0024751276424393475,
      "fields": -0.07721708065049049,
      "runtime": 0.38208034861445506,
      "memory": 0.08257254733391951,
      "bridge": 0.1787558889179112,
      "vocabulary": 0.12154384082230318
    },
    "effective_mass": {
      "constraints": 1.27348904775978,
      "fields": 1.350625849486934,
      "runtime": 0.8101246829644878,
      "memory": 2.289451162680447,
      "bridge": 0.744695445783061,
      "vocabulary": 1.6296151103849879
    },
    "dominant_residual_sector": "memory",
    "dominant_vorticity_sector": "runtime",
    "dominant_mass_sector": "memory",
    "residual_rank": [
      [
        "memory",
        1.3505019206584232
      ],
      [
        "runtime",
        1.3008337133119976
      ],
      [
        "fields",
        1.0408462350472352
      ],
      [
        "vocabulary",
        0.7638859061843695
      ],
      [
        "bridge",
        0.622291074391088
      ],
      [
        "constraints",
        0.6217399089695835
      ]
    ],
    "vorticity_rank": [
      [
        "runtime",
        0.38208034861445506
      ],
      [
        "bridge",
        0.1787558889179112
      ],
      [
        "vocabulary",
        0.12154384082230318
      ],
      [
        "memory",
        0.08257254733391951
      ],
      [
        "fields",
        -0.07721708065049049
      ],
      [
        "constraints",
        0.0024751276424393475
      ]
    ],
    "mass_rank": [
      [
        "memory",
        2.289451162680447
      ],
      [
        "vocabulary",
        1.6296151103849879
      ],
      [
        "fields",
        1.350625849486934
      ],
      [
        "constraints",
        1.27348904775978
      ],
      [
        "runtime",
        0.8101246829644878
      ],
      [
        "bridge",
        0.744695445783061
      ]
    ]
  },
  "pass_label": "dialogue",
  "repo_root": "/mnt/data/work_continue/CIEL_RELATIONAL_MECHANISM_REPO"
}