{
  "engine": "global_orbital_coherence_pass_v64_runtime_bridge",
  "steps": 2,
  "params": {
    "dt": 0.013451,
    "tau_eta": 0.0085,
    "tau_reg": 0.0024,
    "sigma": 0.20992708860770198,
    "beta": 0.8858849039288708,
    "gamma": 0.3383621712598693,
    "I0": 0.008114359738066937,
    "mesh_boost": 0.750556,
    "tension_weight": 0.24841695319131418,
    "closure_weight": 0.08945494489662148,
    "use_zeta_pole": true,
    "zeta_coupling_scale": 0.322454,
    "zeta_tetra_weight": 0.5,
    "zeta_amplitude": 0.35,
    "zeta_relax": 0.08,
    "zeta_global_rotation": 0.0,
    "zeta_heisenberg_alpha": 8.0,
    "zeta_i0_scale": 1.0,
    "use_relational_lagrangian": true,
    "kappa_H": 1.0,
    "lambda_tension": 0.15,
    "lambda_distortion": 1.0,
    "lambda_zeta_tetra": 1.0,
    "alpha_spin": 4.0,
    "mu_phi": 0.081644,
    "mu_rho": 0.14,
    "epsilon_hom": 0.22,
    "spin_vorticity_gain": 0.2,
    "relax_amp": 0.28,
    "grad_eps": 0.001,
    "use_euler_leak_rotation": true,
    "D_f": 2.57,
    "euler_angular_gain": 1.0,
    "zeta_phase0": 0.0
  },
  "initial": {
    "R_H": 0.0022992519926136024,
    "T_glob": 2.457617083657821,
    "Lambda_glob": 0.0,
    "closure_penalty": 5.969785191102954,
    "V_rel_total": 6.340727005644241,
    "radial_spread": 0.18130906565294394,
    "mean_spin": 0.0,
    "spectral_radius_A": 1.33669408681218,
    "spectral_gap_A": 0.5949324795181385,
    "fiedler_L": 0.23033579569957482,
    "zeta_enabled": true,
    "zeta_tetra_defect": 3.389636702121535e-32,
    "zeta_effective_tau": 0.3645,
    "zeta_effective_phase": 2.220446049250313e-16,
    "zeta_coupling_norm": 0.006741843173189064,
    "zeta_coupling_norm_raw": 0.8472889454680599,
    "zeta_spin": 0.0,
    "zeta_rho": 0.45,
    "D_f": 2.57,
    "euler_leak_angle": 0.8953539062730907
  },
  "final": {
    "R_H": 0.013824444468290079,
    "T_glob": 2.338580091296904,
    "Lambda_glob": 0.19689088942560368,
    "closure_penalty": 5.8785041357578685,
    "V_rel_total": 6.243115593920694,
    "radial_spread": 0.18278487107318314,
    "mean_spin": -0.0527352797900364,
    "spectral_radius_A": 1.2068909520361377,
    "spectral_gap_A": 0.46199893755193444,
    "fiedler_L": 0.26923059737086086,
    "zeta_enabled": true,
    "zeta_tetra_defect": 1.8488927466117464e-32,
    "zeta_effective_tau": 0.3645,
    "zeta_effective_phase": -0.00014784634392577667,
    "zeta_coupling_norm": 0.006249806063156315,
    "zeta_coupling_norm_raw": 0.7843723829770298,
    "zeta_spin": -0.0527352797900364,
    "zeta_rho": 0.44990753470043715,
    "D_f": 2.57,
    "euler_leak_angle": 0.8953539062730907
  },
  "history": [
    {
      "R_H": 0.0022992519926136024,
      "T_glob": 2.457617083657821,
      "Lambda_glob": 0.0,
      "closure_penalty": 5.969785191102954,
      "V_rel_total": 6.340727005644241,
      "radial_spread": 0.18130906565294394,
      "mean_spin": 0.0,
      "spectral_radius_A": 1.33669408681218,
      "spectral_gap_A": 0.5949324795181385,
      "fiedler_L": 0.23033579569957482,
      "zeta_enabled": true,
      "zeta_tetra_defect": 3.389636702121535e-32,
      "zeta_effective_tau": 0.3645,
      "zeta_effective_phase": 2.220446049250313e-16,
      "zeta_coupling_norm": 0.006741843173189064,
      "zeta_coupling_norm_raw": 0.8472889454680599,
      "zeta_spin": 0.0,
      "zeta_rho": 0.45,
      "D_f": 2.57,
      "euler_leak_angle": 0.8953539062730907
    },
    {
      "R_H": 0.01487149641700501,
      "T_glob": 2.4037541066953554,
      "Lambda_glob": -0.4266693783181101,
      "closure_penalty": 5.877471447028128,
      "V_rel_total": 6.252906059449437,
      "radial_spread": 0.18211575126282947,
      "mean_spin": -0.08474936754156774,
      "spectral_radius_A": 1.2869892563340062,
      "spectral_gap_A": 0.5386765876468602,
      "fiedler_L": 0.24167867056889583,
      "zeta_enabled": true,
      "zeta_tetra_defect": 4.930380657631324e-32,
      "zeta_effective_tau": 0.3645,
      "zeta_effective_phase": -9.119709942380398e-05,
      "zeta_coupling_norm": 0.006139404120838521,
      "zeta_coupling_norm_raw": 0.7708907102906939,
      "zeta_spin": -0.08474936754156774,
      "zeta_rho": 0.44994300181285996,
      "D_f": 2.57,
      "euler_leak_angle": 0.8953539062730907
    },
    {
      "R_H": 0.013824444468290079,
      "T_glob": 2.338580091296904,
      "Lambda_glob": 0.19689088942560368,
      "closure_penalty": 5.8785041357578685,
      "V_rel_total": 6.243115593920694,
      "radial_spread": 0.18278487107318314,
      "mean_spin": -0.0527352797900364,
      "spectral_radius_A": 1.2068909520361377,
      "spectral_gap_A": 0.46199893755193444,
      "fiedler_L": 0.26923059737086086,
      "zeta_enabled": true,
      "zeta_tetra_defect": 1.8488927466117464e-32,
      "zeta_effective_tau": 0.3645,
      "zeta_effective_phase": -0.00014784634392577667,
      "zeta_coupling_norm": 0.006249806063156315,
      "zeta_coupling_norm_raw": 0.7843723829770298,
      "zeta_spin": -0.0527352797900364,
      "zeta_rho": 0.44990753470043715,
      "D_f": 2.57,
      "euler_leak_angle": 0.8953539062730907
    }
  ],
  "diagnostics": {
    "closure_residuals": {
      "constraints": 0.6364493906091006,
      "fields": 1.0366756534814323,
      "runtime": 1.283084713284954,
      "memory": 1.3168764766056065,
      "bridge": 0.6479602377610071,
      "vocabulary": 0.7735744260302225
    },
    "local_vorticity": {
      "constraints": 0.003131521931206579,
      "fields": -0.07420178132940476,
      "runtime": 0.3595635131114298,
      "memory": 0.07435717845982678,
      "bridge": 0.16980579069993793,
      "vocabulary": 0.11200583686972618
    },
    "effective_mass": {
      "constraints": 1.269757535532898,
      "fields": 1.3395225163461186,
      "runtime": 0.8033946703157758,
      "memory": 2.2604738167498413,
      "bridge": 0.7312694119485588,
      "vocabulary": 1.6284416682316107
    },
    "dominant_residual_sector": "memory",
    "dominant_vorticity_sector": "runtime",
    "dominant_mass_sector": "memory",
    "residual_rank": [
      [
        "memory",
        1.3168764766056065
      ],
      [
        "runtime",
        1.283084713284954
      ],
      [
        "fields",
        1.0366756534814323
      ],
      [
        "vocabulary",
        0.7735744260302225
      ],
      [
        "bridge",
        0.6479602377610071
      ],
      [
        "constraints",
        0.6364493906091006
      ]
    ],
    "vorticity_rank": [
      [
        "runtime",
        0.3595635131114298
      ],
      [
        "bridge",
        0.16980579069993793
      ],
      [
        "vocabulary",
        0.11200583686972618
      ],
      [
        "memory",
        0.07435717845982678
      ],
      [
        "fields",
        -0.07420178132940476
      ],
      [
        "constraints",
        0.003131521931206579
      ]
    ],
    "mass_rank": [
      [
        "memory",
        2.2604738167498413
      ],
      [
        "vocabulary",
        1.6284416682316107
      ],
      [
        "fields",
        1.3395225163461186
      ],
      [
        "constraints",
        1.269757535532898
      ],
      [
        "runtime",
        0.8033946703157758
      ],
      [
        "bridge",
        0.7312694119485588
      ]
    ]
  },
  "pass_label": "orbital_smoke",
  "repo_root": "/mnt/data/isolated_ciel_relational_full/CIEL_RELATIONAL_MECHANISM_REPO"
}