{
  "engine": "global_orbital_coherence_pass_v64_runtime_bridge",
  "steps": 2,
  "params": {
    "dt": 0.012661,
    "tau_eta": 0.0085,
    "tau_reg": 0.0024,
    "sigma": 0.20992708860770198,
    "beta": 0.8858849039288708,
    "gamma": 0.3383621712598693,
    "I0": 0.008114359738066937,
    "mesh_boost": 0.752849,
    "tension_weight": 0.24841695319131418,
    "closure_weight": 0.08945494489662148,
    "use_zeta_pole": true,
    "zeta_coupling_scale": 0.332004,
    "zeta_tetra_weight": 0.5,
    "zeta_amplitude": 0.35,
    "zeta_relax": 0.08,
    "zeta_global_rotation": 0.0,
    "zeta_heisenberg_alpha": 8.0,
    "zeta_i0_scale": 1.0,
    "use_relational_lagrangian": true,
    "kappa_H": 1.0,
    "lambda_tension": 0.15,
    "lambda_distortion": 1.0,
    "lambda_zeta_tetra": 1.0,
    "alpha_spin": 4.0,
    "mu_phi": 0.083473,
    "mu_rho": 0.14,
    "epsilon_hom": 0.22,
    "spin_vorticity_gain": 0.2,
    "relax_amp": 0.28,
    "grad_eps": 0.001,
    "use_euler_leak_rotation": true,
    "D_f": 2.57,
    "euler_angular_gain": 1.0,
    "zeta_phase0": 0.0
  },
  "initial": {
    "R_H": 0.0022992519926136024,
    "T_glob": 2.4653514462322614,
    "Lambda_glob": 0.0,
    "closure_penalty": 5.972418187335383,
    "V_rel_total": 6.344520156262836,
    "radial_spread": 0.18130906565294394,
    "mean_spin": 0.0,
    "spectral_radius_A": 1.340777778823248,
    "spectral_gap_A": 0.5967500390014207,
    "fiedler_L": 0.23103948733556087,
    "zeta_enabled": true,
    "zeta_tetra_defect": 3.389636702121535e-32,
    "zeta_effective_tau": 0.3645,
    "zeta_effective_phase": 2.220446049250313e-16,
    "zeta_coupling_norm": 0.006933597134992566,
    "zeta_coupling_norm_raw": 0.872382786540647,
    "zeta_spin": 0.0,
    "zeta_rho": 0.45,
    "D_f": 2.57,
    "euler_leak_angle": 0.8953539062730907
  },
  "final": {
    "R_H": 0.012537887654842893,
    "T_glob": 2.3450857991882144,
    "Lambda_glob": 0.19097842284928815,
    "closure_penalty": 5.878690572954869,
    "V_rel_total": 6.2429913304879445,
    "radial_spread": 0.18270289372862114,
    "mean_spin": -0.05318855355035734,
    "spectral_radius_A": 1.209960730524514,
    "spectral_gap_A": 0.4630233978199003,
    "fiedler_L": 0.2700552796763176,
    "zeta_enabled": true,
    "zeta_tetra_defect": 1.3866695599588098e-32,
    "zeta_effective_tau": 0.3645,
    "zeta_effective_phase": -0.00014077978375543013,
    "zeta_coupling_norm": 0.006426961143318588,
    "zeta_coupling_norm_raw": 0.8074620881481371,
    "zeta_spin": -0.05318855355035734,
    "zeta_rho": 0.4499119575634261,
    "D_f": 2.57,
    "euler_leak_angle": 0.8953539062730907
  },
  "history": [
    {
      "R_H": 0.0022992519926136024,
      "T_glob": 2.4653514462322614,
      "Lambda_glob": 0.0,
      "closure_penalty": 5.972418187335383,
      "V_rel_total": 6.344520156262836,
      "radial_spread": 0.18130906565294394,
      "mean_spin": 0.0,
      "spectral_radius_A": 1.340777778823248,
      "spectral_gap_A": 0.5967500390014207,
      "fiedler_L": 0.23103948733556087,
      "zeta_enabled": true,
      "zeta_tetra_defect": 3.389636702121535e-32,
      "zeta_effective_tau": 0.3645,
      "zeta_effective_phase": 2.220446049250313e-16,
      "zeta_coupling_norm": 0.006933597134992566,
      "zeta_coupling_norm_raw": 0.872382786540647,
      "zeta_spin": 0.0,
      "zeta_rho": 0.45,
      "D_f": 2.57,
      "euler_leak_angle": 0.8953539062730907
    },
    {
      "R_H": 0.013474379376909628,
      "T_glob": 2.410983065069212,
      "Lambda_glob": -0.4280851099011191,
      "closure_penalty": 5.877696985902834,
      "V_rel_total": 6.2528188250401255,
      "radial_spread": 0.182070890507539,
      "mean_spin": -0.08588803846270547,
      "spectral_radius_A": 1.290670015466642,
      "spectral_gap_A": 0.5401054695868992,
      "fiedler_L": 0.24235725188202722,
      "zeta_enabled": true,
      "zeta_tetra_defect": 4.930380657631324e-32,
      "zeta_effective_tau": 0.3645,
      "zeta_effective_phase": -8.699427639783926e-05,
      "zeta_coupling_norm": 0.006313285548041547,
      "zeta_coupling_norm_raw": 0.7935875048520019,
      "zeta_spin": -0.08588803846270547,
      "zeta_rho": 0.4499456285772512,
      "D_f": 2.57,
      "euler_leak_angle": 0.8953539062730907
    },
    {
      "R_H": 0.012537887654842893,
      "T_glob": 2.3450857991882144,
      "Lambda_glob": 0.19097842284928815,
      "closure_penalty": 5.878690572954869,
      "V_rel_total": 6.2429913304879445,
      "radial_spread": 0.18270289372862114,
      "mean_spin": -0.05318855355035734,
      "spectral_radius_A": 1.209960730524514,
      "spectral_gap_A": 0.4630233978199003,
      "fiedler_L": 0.2700552796763176,
      "zeta_enabled": true,
      "zeta_tetra_defect": 1.3866695599588098e-32,
      "zeta_effective_tau": 0.3645,
      "zeta_effective_phase": -0.00014077978375543013,
      "zeta_coupling_norm": 0.006426961143318588,
      "zeta_coupling_norm_raw": 0.8074620881481371,
      "zeta_spin": -0.05318855355035734,
      "zeta_rho": 0.4499119575634261,
      "D_f": 2.57,
      "euler_leak_angle": 0.8953539062730907
    }
  ],
  "diagnostics": {
    "closure_residuals": {
      "constraints": 0.6351104364491899,
      "fields": 1.036981374491704,
      "runtime": 1.2836962397631724,
      "memory": 1.317311560548792,
      "bridge": 0.6472793390030098,
      "vocabulary": 0.7732002387400757
    },
    "local_vorticity": {
      "constraints": 0.0030303578928136607,
      "fields": -0.07447521391166849,
      "runtime": 0.3604866775696324,
      "memory": 0.07480511482386061,
      "bridge": 0.1697489031266626,
      "vocabulary": 0.11221826451725643
    },
    "effective_mass": {
      "constraints": 1.2684441889306568,
      "fields": 1.3391656016728983,
      "runtime": 0.8007758313529479,
      "memory": 2.2611924078626537,
      "bridge": 0.731102672039891,
      "vocabulary": 1.616847499172967
    },
    "dominant_residual_sector": "memory",
    "dominant_vorticity_sector": "runtime",
    "dominant_mass_sector": "memory",
    "residual_rank": [
      [
        "memory",
        1.317311560548792
      ],
      [
        "runtime",
        1.2836962397631724
      ],
      [
        "fields",
        1.036981374491704
      ],
      [
        "vocabulary",
        0.7732002387400757
      ],
      [
        "bridge",
        0.6472793390030098
      ],
      [
        "constraints",
        0.6351104364491899
      ]
    ],
    "vorticity_rank": [
      [
        "runtime",
        0.3604866775696324
      ],
      [
        "bridge",
        0.1697489031266626
      ],
      [
        "vocabulary",
        0.11221826451725643
      ],
      [
        "memory",
        0.07480511482386061
      ],
      [
        "fields",
        -0.07447521391166849
      ],
      [
        "constraints",
        0.0030303578928136607
      ]
    ],
    "mass_rank": [
      [
        "memory",
        2.2611924078626537
      ],
      [
        "vocabulary",
        1.616847499172967
      ],
      [
        "fields",
        1.3391656016728983
      ],
      [
        "constraints",
        1.2684441889306568
      ],
      [
        "runtime",
        0.8007758313529479
      ],
      [
        "bridge",
        0.731102672039891
      ]
    ]
  },
  "pass_label": "orbital_test",
  "repo_root": "/mnt/data/work_continue/CIEL_RELATIONAL_MECHANISM_REPO"
}