{
  "engine": "global_orbital_coherence_pass_v64_runtime_bridge",
  "steps": 2,
  "params": {
    "dt": 0.012379,
    "tau_eta": 0.0085,
    "tau_reg": 0.0024,
    "sigma": 0.20992708860770198,
    "beta": 0.8858849039288708,
    "gamma": 0.3383621712598693,
    "I0": 0.008114359738066937,
    "mesh_boost": 0.754726,
    "tension_weight": 0.24841695319131418,
    "closure_weight": 0.08945494489662148,
    "use_zeta_pole": true,
    "zeta_coupling_scale": 0.335577,
    "zeta_tetra_weight": 0.5,
    "zeta_amplitude": 0.35,
    "zeta_relax": 0.08,
    "zeta_global_rotation": 0.0,
    "zeta_heisenberg_alpha": 8.0,
    "zeta_i0_scale": 1.0,
    "use_relational_lagrangian": true,
    "kappa_H": 1.0,
    "lambda_tension": 0.15,
    "lambda_distortion": 1.0,
    "lambda_zeta_tetra": 1.0,
    "alpha_spin": 4.0,
    "mu_phi": 0.084666,
    "mu_rho": 0.14,
    "epsilon_hom": 0.22,
    "spin_vorticity_gain": 0.2,
    "relax_amp": 0.28,
    "grad_eps": 0.001,
    "use_euler_leak_rotation": true,
    "D_f": 2.57,
    "euler_angular_gain": 1.0,
    "zeta_phase0": 0.0
  },
  "initial": {
    "R_H": 0.0022992519926136024,
    "T_glob": 2.4715698037173572,
    "Lambda_glob": 0.0,
    "closure_penalty": 5.974558695396291,
    "V_rel_total": 6.347593417946508,
    "radial_spread": 0.18130906565294394,
    "mean_spin": 0.0,
    "spectral_radius_A": 1.344120600412772,
    "spectral_gap_A": 0.5982378537201842,
    "fiedler_L": 0.23161551402581204,
    "zeta_enabled": true,
    "zeta_tetra_defect": 3.389636702121535e-32,
    "zeta_effective_tau": 0.3645,
    "zeta_effective_phase": 2.220446049250313e-16,
    "zeta_coupling_norm": 0.007005171813366419,
    "zeta_coupling_norm_raw": 0.8817712990173332,
    "zeta_spin": 0.0,
    "zeta_rho": 0.45,
    "D_f": 2.57,
    "euler_leak_angle": 0.8953539062730907
  },
  "final": {
    "R_H": 0.012330354647074587,
    "T_glob": 2.3502484731658275,
    "Lambda_glob": 0.18941133872176344,
    "closure_penalty": 5.879992820509885,
    "V_rel_total": 6.244860446131833,
    "radial_spread": 0.18267556011329908,
    "mean_spin": -0.05360996523855555,
    "spectral_radius_A": 1.2124296534232286,
    "spectral_gap_A": 0.4637309203419071,
    "fiedler_L": 0.27070720313434304,
    "zeta_enabled": true,
    "zeta_tetra_defect": 1.8488927466117464e-32,
    "zeta_effective_tau": 0.3645,
    "zeta_effective_phase": -0.00013861014756353634,
    "zeta_coupling_norm": 0.006492889775706685,
    "zeta_coupling_norm_raw": 0.8160739485615724,
    "zeta_spin": -0.05360996523855555,
    "zeta_rho": 0.44991331567323745,
    "D_f": 2.57,
    "euler_leak_angle": 0.8953539062730907
  },
  "history": [
    {
      "R_H": 0.0022992519926136024,
      "T_glob": 2.4715698037173572,
      "Lambda_glob": 0.0,
      "closure_penalty": 5.974558695396291,
      "V_rel_total": 6.347593417946508,
      "radial_spread": 0.18130906565294394,
      "mean_spin": 0.0,
      "spectral_radius_A": 1.344120600412772,
      "spectral_gap_A": 0.5982378537201842,
      "fiedler_L": 0.23161551402581204,
      "zeta_enabled": true,
      "zeta_tetra_defect": 3.389636702121535e-32,
      "zeta_effective_tau": 0.3645,
      "zeta_effective_phase": 2.220446049250313e-16,
      "zeta_coupling_norm": 0.007005171813366419,
      "zeta_coupling_norm_raw": 0.8817712990173332,
      "zeta_spin": 0.0,
      "zeta_rho": 0.45,
      "D_f": 2.57,
      "euler_leak_angle": 0.8953539062730907
    },
    {
      "R_H": 0.013245170190714835,
      "T_glob": 2.4167157201655898,
      "Lambda_glob": -0.42888406698252973,
      "closure_penalty": 5.879101561643437,
      "V_rel_total": 6.25485408985899,
      "radial_spread": 0.18205593443245305,
      "mean_spin": -0.08644064751298562,
      "spectral_radius_A": 1.2936718169903514,
      "spectral_gap_A": 0.541252410301614,
      "fiedler_L": 0.24291249259447306,
      "zeta_enabled": true,
      "zeta_tetra_defect": 5.546678239835239e-32,
      "zeta_effective_tau": 0.3645,
      "zeta_effective_phase": -8.560390204478566e-05,
      "zeta_coupling_norm": 0.006378110808086863,
      "zeta_coupling_norm_raw": 0.8020684189254317,
      "zeta_spin": -0.08644064751298562,
      "zeta_rho": 0.44994649756122185,
      "D_f": 2.57,
      "euler_leak_angle": 0.8953539062730907
    },
    {
      "R_H": 0.012330354647074587,
      "T_glob": 2.3502484731658275,
      "Lambda_glob": 0.18941133872176344,
      "closure_penalty": 5.879992820509885,
      "V_rel_total": 6.244860446131833,
      "radial_spread": 0.18267556011329908,
      "mean_spin": -0.05360996523855555,
      "spectral_radius_A": 1.2124296534232286,
      "spectral_gap_A": 0.4637309203419071,
      "fiedler_L": 0.27070720313434304,
      "zeta_enabled": true,
      "zeta_tetra_defect": 1.8488927466117464e-32,
      "zeta_effective_tau": 0.3645,
      "zeta_effective_phase": -0.00013861014756353634,
      "zeta_coupling_norm": 0.006492889775706685,
      "zeta_coupling_norm_raw": 0.8160739485615724,
      "zeta_spin": -0.05360996523855555,
      "zeta_rho": 0.44991331567323745,
      "D_f": 2.57,
      "euler_leak_angle": 0.8953539062730907
    }
  ],
  "diagnostics": {
    "closure_residuals": {
      "constraints": 0.634372952974949,
      "fields": 1.0371636606312922,
      "runtime": 1.2842143640705366,
      "memory": 1.3180192771478072,
      "bridge": 0.6466097014233112,
      "vocabulary": 0.7728970593271532
    },
    "local_vorticity": {
      "constraints": 0.0029868149401791996,
      "fields": -0.07462698257592493,
      "runtime": 0.36119057597462256,
      "memory": 0.0750908396322942,
      "bridge": 0.16987658612801562,
      "vocabulary": 0.11245612839955745
    },
    "effective_mass": {
      "constraints": 1.2686070848576312,
      "fields": 1.3396434755075306,
      "runtime": 0.8010352568975578,
      "memory": 2.261923592005886,
      "bridge": 0.7314630360630395,
      "vocabulary": 1.6169540016054456
    },
    "dominant_residual_sector": "memory",
    "dominant_vorticity_sector": "runtime",
    "dominant_mass_sector": "memory",
    "residual_rank": [
      [
        "memory",
        1.3180192771478072
      ],
      [
        "runtime",
        1.2842143640705366
      ],
      [
        "fields",
        1.0371636606312922
      ],
      [
        "vocabulary",
        0.7728970593271532
      ],
      [
        "bridge",
        0.6466097014233112
      ],
      [
        "constraints",
        0.634372952974949
      ]
    ],
    "vorticity_rank": [
      [
        "runtime",
        0.36119057597462256
      ],
      [
        "bridge",
        0.16987658612801562
      ],
      [
        "vocabulary",
        0.11245612839955745
      ],
      [
        "memory",
        0.0750908396322942
      ],
      [
        "fields",
        -0.07462698257592493
      ],
      [
        "constraints",
        0.0029868149401791996
      ]
    ],
    "mass_rank": [
      [
        "memory",
        2.261923592005886
      ],
      [
        "vocabulary",
        1.6169540016054456
      ],
      [
        "fields",
        1.3396434755075306
      ],
      [
        "constraints",
        1.2686070848576312
      ],
      [
        "runtime",
        0.8010352568975578
      ],
      [
        "bridge",
        0.7314630360630395
      ]
    ]
  },
  "pass_label": "orbital_orbital_mode=safe_R_H=0.0790_closure=6.2038_chirality=0.0917",
  "repo_root": "/home/runner/work/CIEL-_SOT_Agent/CIEL-_SOT_Agent/integration/Orbital/main"
}